NC_project_short_code,sample_type,species_classcode,taxa,genus,species,description
NC_Kelp_Srock,FISH,AAFF,Atherinops affinis,Atherinops,affinis,"Topsmelt,"
NC_Kelp_Srock,FISH,AARG, Amphistichus argenteus,,Amphistichus argenteus,"Barred Surfperch, Added in 2012, counted by Vantuna Research Group as part of 2011 Baseline"
NC_Kelp_Srock,FISH,ACAL,Atherinopsis californiensis,Atherinopsis,californiensis,"Jacksmelt,"
NC_Kelp_Srock,FISH,ACOR,Artedius corallinus,Artedius,corallinus,"Coralline Sculpin,"
NC_Kelp_Srock,FISH,ADAV,Anisotremus davidsonii,Anisotremus,davidsonii,"Sargo,"
NC_Kelp_Srock,FISH,AFLA,Aulorhynchus flavidus,Aulorhynchus,flavidus,"Tubesnout,"
NC_Kelp_Srock,FISH,AHOL,Alloclinus holderi,Alloclinus,holderi,"Island Kelpfish,"
NC_Kelp_Srock,FISH,AINE,Anoplagonus inermis,Anoplagonus,inermis,"Smooth Alligatorfish,"
NC_Kelp_Srock,FISH,ANOB,Atractoscion nobilis,Atractoscion,nobilis,"White Seabass,"
NC_Kelp_Srock,FISH,AOCE,Anarrhichthys ocellatus,Anarrhichthys,ocellatus,"Wolf Eel,"
NC_Kelp_Srock,FISH,APFL,Apodichthys flavidus,Apodichthys,flavidus,"Penpiont Gunnel,"
NC_Kelp_Srock,FISH,ASAN,Apodichthys sanctaerosae,Apodichthys,sanctaerosae,"Kelp Gunnel,"
NC_Kelp_Srock,FISH,ATHE,Atherinopsidae spp.,Atherinopsidae,spp.,"Grunion, Topsmelt or Jacksmelt, unidentified sp."
NC_Kelp_Srock,FISH,AVUL,Alopias vulpinus,Alopias,vulpinus,"Thresher Shark,"
NC_Kelp_Srock,FISH,BAITBALL,,,,"Bait, Sardines/Anchovies,"
NC_Kelp_Srock,FISH,BATH,Bathymasteridae spp.,Bathymasteridae,spp.,"Ronquils, unidentified sp., possibly Rathbunella hypoplecta"
NC_Kelp_Srock,FISH,BFRE,Brachyistius frenatus,Brachyistius,frenatus,"Kelp Surfperch,"
NC_Kelp_Srock,FISH,BLEN,Blenniidae spp.,Blenniidae,spp.,"Blennies, unidentifed sp."
NC_Kelp_Srock,FISH,BOTH,Bothidae spp.,Bothidae,spp.,"Lefteyed Flounders, unidentifed sp."
NC_Kelp_Srock,FISH,BPOL,Balistes polylepis,Balistes,polylepis,"Finescale Triggerfish,"
NC_Kelp_Srock,FISH,BRAY,Myliobatis californica,Myliobatis,californica,"Bat Ray,"
NC_Kelp_Srock,FISH,CAGG,Cymatogaster aggregata,Cymatogaster,aggregata,"Shiner Surfperch,"
NC_Kelp_Srock,FISH,CANA,Clinocottus analis,Clinocottus,analis,"Wooly Sculpin,"
NC_Kelp_Srock,FISH,CFAL,Chaetodon falcifer,Chaetodon,falcifer,"Scythemarked Butterflyfish,"
NC_Kelp_Srock,FISH,CITH,Citharichthys spp.,Citharichthys,spp.,"Sanddabs, unidentifed sp."
NC_Kelp_Srock,FISH,CLIN,Clinidae spp.,Clinidae,spp.,"Kelpfishes and Fringeheads, unidentifed sp."
NC_Kelp_Srock,FISH,CLUP,Clupeidae spp.,Clupeidae,spp.,"Sardines and Anchovies, unidentifed sp."
NC_Kelp_Srock,FISH,CNUG,Chirolophis nugator,Chirolophis,nugator,"Mosshead Warbonnet,"
NC_Kelp_Srock,FISH,COTT,Cottidae spp.,Cottidae,spp.,"Sculpins, unidentifed sp."
NC_Kelp_Srock,FISH,CPRI,Caulolatilus princeps,Caulolatilus,princeps,"Ocean Whitefish,"
NC_Kelp_Srock,FISH,CPUG,Chitonotus pugetensis,Chitonotus,pugetensis,"Roughback Sculpin,"
NC_Kelp_Srock,FISH,CPUN,Chromis punctipinnis,Chromis,punctipinnis,"Blacksmith,"
NC_Kelp_Srock,FISH,CSAT,Cheilotrema saturnum,Cheilotrema,saturnum,"Black Croaker,"
NC_Kelp_Srock,FISH,CSOR,Citharichthys sordidus,Citharichthys,sordidus,"Pacific Sanddab,"
NC_Kelp_Srock,FISH,CSTI,Citharichthys stigmaeus,Citharichthys,stigmaeus,"Speckled Sanddab,"
NC_Kelp_Srock,FISH,CVEN,Cephaloscyllium ventriosum,Cephaloscyllium,ventriosum,"Swell Shark,"
NC_Kelp_Srock,FISH,CVIO,Cebidichthys violaceus,Cebidichthys,violaceus,"Monkeyface Eel,"
NC_Kelp_Srock,FISH,EBIS,Enophrys bison,Enophrys,bison,"Buffalo Sculpin,"
NC_Kelp_Srock,FISH,EJAC,Embiotoca jacksoni,Embiotoca,jacksoni,"Black Surfperch,"
NC_Kelp_Srock,FISH,ELAT,Embiotoca lateralis,Embiotoca,lateralis,"Striped Surfperch,"
NC_Kelp_Srock,FISH,EMBI,Embiotocidae spp.,Embiotocidae,spp.,"Surfperches, unidentifed sp."
NC_Kelp_Srock,FISH,EMOR,Engraulis mordax,Engraulis,mordax,"Northern Anchovy,"
NC_Kelp_Srock,FISH,EWAL,Ernogrammus walkeri,Ernogrammus,walkeri,"Masked Prickleback,"
NC_Kelp_Srock,FISH,GBY, ,,,"Sebastes Chrysomelas or S. Carnatus Rockfish Young Of Year, Consists of Gopher/Black and Yellow/Copper YOYs that are old enough to be distinguished from Kelp rockfish (subset of KGB YOYs)"
NC_Kelp_Srock,FISH,GGAL,Galeorhinus galeus,Galeorhinus,galeus,"Tope Shark,"
NC_Kelp_Srock,FISH,GIBB,Gibbonsia spp.,Gibbonsia,spp.,"Kelpfish, unidentified sp."
NC_Kelp_Srock,FISH,GMAE,Gobiesox maeandricus,Gobiesox,maeandricus,"Northern Clingfish,"
NC_Kelp_Srock,FISH,GMOR,Gymnothorax mordax,Gymnothorax,mordax,"California Moray,"
NC_Kelp_Srock,FISH,GNIG,Girella nigricans,Girella,nigricans,"Opaleye,"
NC_Kelp_Srock,FISH,GOBI,Gobiidae spp.,Gobiidae,spp.,"Gobies, unidentified sp."
NC_Kelp_Srock,FISH,HANA,Hyperprosopon analis,Hyperprosopon,analis,"Spotfin Surfperch,"
NC_Kelp_Srock,FISH,HARG,Hyperprosopon argenteum,Hyperprosopon,argenteum,"Walleye Surfperch,"
NC_Kelp_Srock,FISH,HAZU,Hermosilla azurea,Hermosilla,azurea,"Zebra-Perch Sea Chub,"
NC_Kelp_Srock,FISH,HCAR,Hypsurus caryi,Hypsurus,caryi,"Rainbow Surfperch,"
NC_Kelp_Srock,FISH,HDEC,Hexagrammos decagrammus,Hexagrammos,decagrammus,"Kelp Greenling,"
NC_Kelp_Srock,FISH,HELL,Hyperprosopon ellipticum,Hyperprosopon,ellipticum,"Silver Surfperch,"
NC_Kelp_Srock,FISH,HEXA,Hexagrammos spp.,Hexagrammos,spp.,"Unidentified Hexagrammos, used first in NCCSR 2010 for juveniles too small to distinguish between HDEC and HLAG"
NC_Kelp_Srock,FISH,HFRA,Heterodontus francisci,Heterodontus,francisci,"Horn Shark,"
NC_Kelp_Srock,FISH,HHEM,Hemilepidotus hemilepidotus,Hemilepidotus,hemilepidotus,"Red Irish Lord,"
NC_Kelp_Srock,FISH,HLAG,Hexagrammos lagocephalus,Hexagrammos,lagocephalus,"Rock Greenling,"
NC_Kelp_Srock,FISH,HROS,Heterostichus rostratus,Heterostichus,rostratus,"Giant Kelpfish,"
NC_Kelp_Srock,FISH,HRUB,Hypsypops rubicundus,Hypsypops,rubicundus,"Garibaldi,"
NC_Kelp_Srock,FISH,HSEM,Halicoeres semicinctus,Halicoeres,semicinctus,"Rock Wrasse,"
NC_Kelp_Srock,FISH,HSTE,Hexagrammos stelleri,Hexagrammos,stelleri,"Whitespotted Greenling,"
NC_Kelp_Srock,FISH,JZON,Jordania zonope,Jordania,zonope,"Longfin Sculpin,"
NC_Kelp_Srock,FISH,KGB,"Sebastes atrovirens,carnatus,chrysomelas,caurinus",Sebastes,"atrovirens,carnatus,chrysomelas,caurinus","Rockfish YOY (Pteropodus), This species group includes Sebastes atrovirens, S. carnatus, S. chrysomelas, S. caurinus (Kelp/Gopher/Black and Yellow/Copper)"
NC_Kelp_Srock,FISH,KSEI,Kasatkia seigeli,Kasatkia,seigeli,"Six-spot Prickleback,"
NC_Kelp_Srock,FISH,LCON,Lethops connectens,Lethops,connectens,"Kelp Goby, Halfblind Goby,"
NC_Kelp_Srock,FISH,LDAL,Lythrypnus dalli,Lythrypnus,dalli,"Bluebanded Goby,"
NC_Kelp_Srock,FISH,LHIR,Leiocottus hirundo,Leiocottus,hirundo,"Lavender Sculpin,"
NC_Kelp_Srock,FISH,LIPA,Liparis spp.,Liparis,spp.,"Snailfish, unidentified sp."
NC_Kelp_Srock,FISH,LLEP,Lepidogobius lepidus,Lepidogobius,lepidus,"Bay Goby,"
NC_Kelp_Srock,FISH,LMUC,Liparis mucosus,Liparis,mucosus,"Slimy Snailfish,"
NC_Kelp_Srock,FISH,MCAL,Medialuna californiensis,Medialuna,californiensis,"Halfmoon,"
NC_Kelp_Srock,FISH,MCEP,Mugil cephalus,Mugil,cephalus,"Mullet,"
NC_Kelp_Srock,FISH,MMIN,Micropetrus minimus,Micropetrus,minimus,"Dwarf Surfperch, Seen in 2011"
NC_Kelp_Srock,FISH,MMOL,Mola Mola,Mola,Mola,"Ocean Sunfish,"
NC_Kelp_Srock,FISH,MXEN,Mycteroperca xenarcha,Mycteroperca,xenarcha,"Broomtail Grouper,"
NC_Kelp_Srock,FISH,NBLA,Neoclinus blanchardi,Neoclinus,blanchardi,"Sarcastic Fringehead, Seen in 2011"
NC_Kelp_Srock,FISH,NO_ORG, ,,,"No organisms present in this sample,"
NC_Kelp_Srock,FISH,NSTE,Neoclinus stephensae,Neoclinus,stephensae,"Yellowfin Fringehead,"
NC_Kelp_Srock,FISH,NUNI,Neoclinus uninotatus,Neoclinus,uninotatus,"Onespot Fringehead,"
NC_Kelp_Srock,FISH,OCAL,Oxyjulis californica,Oxyjulis,californica,"Senorita,"
NC_Kelp_Srock,FISH,OELO,Ophiodon elongatus,Ophiodon,elongatus,"Lingcod,"
NC_Kelp_Srock,FISH,OPIC,Oxylebius pictus,Oxylebius,pictus,"Painted Greenling,"
NC_Kelp_Srock,FISH,OTRI,orthonopias triacis,orthonopias,triacis,"Snubnose Sculpin,"
NC_Kelp_Srock,FISH,OYB,"Sebastes serranoides,flavidus,melanops",Sebastes,"serranoides,flavidus,melanops","Rockfish YOY (Sebastosomus), This species group includes S. serranoides, S. flavidus, S. melanops (Olive/Yellowtail/Black)"
NC_Kelp_Srock,FISH,OYT,"Sebastes serranoides,flavidus",Sebastes,"serranoides,flavidus","Olive or Yellowtail  Rockfish, This species group includes Sebastes serranoides and Sebastes flavidus (Olive/Yellowtail)"
NC_Kelp_Srock,FISH,PATR,Phanerodon atripes,Phanerodon,atripes,"Sharpnose Surfperch,"
NC_Kelp_Srock,FISH,PCAL,Paralichthys californicus,Paralichthys,californicus,"California Halibut,"
NC_Kelp_Srock,FISH,PCLA,Paralabrax clathratus,Paralabrax,clathratus,"Kelp Bass, Calico Bass,"
NC_Kelp_Srock,FISH,PCOE,Plueronichthys coenosus,Plueronichthys,coenosus,"C-O Turbot,"
NC_Kelp_Srock,FISH,PFUR,Phanerodon furcatus,Phanerodon,furcatus,"White Surfperch,"
NC_Kelp_Srock,FISH,PGLA,Prionace glauca,Prionace,glauca,"Blue Shark,"
NC_Kelp_Srock,FISH,PHOL,Pholididae spp.,Pholididae,spp.,"Gunnels, unidentified sp.  'Apodichthys flavidus-penpoint gunnel lumped in with PHOL"
NC_Kelp_Srock,FISH,PLEU,Pleuronectidae spp.,Pleuronectidae,spp.,"Righteyed Flounders, unidentified sp."
NC_Kelp_Srock,FISH,PMAC,Paralabrax maculatofasciatus,Paralabrax,maculatofasciatus,"Spotted Sandbass,"
NC_Kelp_Srock,FISH,PNEB,Paralabrax nebulifer,Paralabrax,nebulifer,"Barred Sandbass,"
NC_Kelp_Srock,FISH,PNOT,Porichthys notatus,Porichthys,notatus,"Plainfin Midshipman,"
NC_Kelp_Srock,FISH,PTRI,Platyrhinoides triseriata,Platyrhinoides,triseriata,"Thornback,"
NC_Kelp_Srock,FISH,RALL,Rathbunella alleni,Rathbunella,alleni,"Stripefin Ronquil,"
NC_Kelp_Srock,FISH,RATH,Rathbunella spp.,Rathbunella,spp.,"Ronquils, unidentified sp."
NC_Kelp_Srock,FISH,RBIN,Raja binoculata,Raja,binoculata,"Big Skate,"
NC_Kelp_Srock,FISH,RFYOY,Sebastes spp.,Sebastes,spp.,"rockfish young of the year, unidentified sp., Any unidentified YOY rockfish"
NC_Kelp_Srock,FISH,RHYP,Rathbunella hypoplecta,Rathbunella,hypoplecta,"Smooth Ronquil,"
NC_Kelp_Srock,FISH,RJOR,Ronquilus jordani,Ronquilus,jordani,"Northern Ronquil,"
NC_Kelp_Srock,FISH,RNIC,Rhinogobiops nicholsii,Rhinogobiops,nicholsii,"Blackeye Goby,"
NC_Kelp_Srock,FISH,RPRO, Rhinobatos productus,,Rhinobatos productus,"Shovelnose Guitarfish, Added in 2012, counted by Vantuna Research Group as part of 2011 Baseline"
NC_Kelp_Srock,FISH,RRIC,Rhamphocottus richardsoni,Rhamphocottus,richardsoni,"Grunt Sculpin,"
NC_Kelp_Srock,FISH,RSTE,Raja stellulata,Raja,stellulata,"Starry Skate,"
NC_Kelp_Srock,FISH,RTOX,Rhacochilus toxotes,Rhacochilus,toxotes,"Rubberlip Surfperch,"
NC_Kelp_Srock,FISH,RVAC,Rhacochilus vacca,Rhacochilus,vacca,"Pile Surfperch,"
NC_Kelp_Srock,FISH,SACA,Squalus acanthias,Squalus,acanthias,"Spiny Dogfish,"
NC_Kelp_Srock,FISH,SARG,Sphyraena argentea,Sphyraena,argentea,"California Barracuda,"
NC_Kelp_Srock,FISH,SATR,Sebastes atrovirens,Sebastes,atrovirens,"Kelp Rockfish,"
NC_Kelp_Srock,FISH,SAUR,Sebastes auriculatus,Sebastes,auriculatus,"Brown Rockfish,"
NC_Kelp_Srock,FISH,SCAL,Squatina californica,Squatina,californica,"Pacific Angel Shark,"
NC_Kelp_Srock,FISH,SCAR,Sebastes carnatus,Sebastes,carnatus,"Gopher Rockfish,"
NC_Kelp_Srock,FISH,SCAR/SCAU,"Sebastes carnatus, caurinus",Sebastes,"carnatus, caurinus","Gopher, Copper Rockfish Complex, Some rockfish recruits in 2011 were difficult to distinguish and were lumped"
NC_Kelp_Srock,FISH,SCAU,Sebastes caurinus,Sebastes,caurinus,"Copper Rockfish,"
NC_Kelp_Srock,FISH,SCHI,Sarda chiliensis,Sarda,chiliensis,"Eastern Pacific Bonito,"
NC_Kelp_Srock,FISH,SCHR,Sebastes chrysomelas,Sebastes,chrysomelas,"Black and Yellow Rockfish,"
NC_Kelp_Srock,FISH,SDAL,Sebastes dalli,Sebastes,dalli,"Calico Rockfish,"
NC_Kelp_Srock,FISH,SDIP,Sebastes diploproa,Sebastes,diploproa,"Spitnose Rockfish,"
NC_Kelp_Srock,FISH,SEBSPP, ,,,"Rockfish, Unidentified Sp.,"
NC_Kelp_Srock,FISH,SENT,Sebastes entomelas,Sebastes,entomelas,"Widow Rockfish,"
NC_Kelp_Srock,FISH,SGIG,Stereolepis gigas,Stereolepis,gigas,"Giant Sea Bass,"
NC_Kelp_Srock,FISH,SGUT,Scorpaena guttata,Scorpaena,guttata,"California Scorpionfish, Sculpin,"
NC_Kelp_Srock,FISH,SHOP,Sebastes hopkinsi,Sebastes,hopkinsi,"Squarespot Rockfish,"
NC_Kelp_Srock,FISH,SJAP,Scomber japonicus,Scomber,japonicus,"Pacific Mackerel, Greenback Mackerel,"
NC_Kelp_Srock,FISH,SLAL,Seriola lalandi,Seriola,lalandi,"Yellowtail,"
NC_Kelp_Srock,FISH,SLUC,Synodus lucioceps,Synodus,lucioceps,"California Lizardfish,"
NC_Kelp_Srock,FISH,SMAL,Sebastes maliger,Sebastes,maliger,"Quillback Rockfish,"
NC_Kelp_Srock,FISH,SMAR,Scorpaenichthys marmoratus,Scorpaenichthys,marmoratus,"Cabezon,"
NC_Kelp_Srock,FISH,SMEL,Sebastes melanops,Sebastes,melanops,"Black Rockfish, juveniles very similar to OYT"
NC_Kelp_Srock,FISH,SMIN,Sebastes miniatus,Sebastes,miniatus,"Vermilion Rockfish,"
NC_Kelp_Srock,FISH,SMYS,Sebastes mystinus,Sebastes,mystinus,"Blue Rockfish,"
NC_Kelp_Srock,FISH,SNEB,Sebastes nebulosus,Sebastes,nebulosus,"China Rockfish,"
NC_Kelp_Srock,FISH,SPAU,Sebastes paucispinis,Sebastes,paucispinis,"Bocaccio,"
NC_Kelp_Srock,FISH,SPIN,Sebastes pinniger,Sebastes,pinniger,"Canary Rockfish,"
NC_Kelp_Srock,FISH,SPUL,Semicossyphus pulcher,Semicossyphus,pulcher,"California Sheephead,"
NC_Kelp_Srock,FISH,SRAS,Sebastes rastrelliger,Sebastes,rastrelliger,"Grass Rockfish,"
NC_Kelp_Srock,FISH,SROS,Sebastes rosaceus,Sebastes,rosaceus,"Rosy Rockfish,"
NC_Kelp_Srock,FISH,SRUB,Sebastes rubrivinctus,Sebastes,rubrivinctus,"Flag Rockfish,"
NC_Kelp_Srock,FISH,SSAG,Sardinops sagax,Sardinops,sagax,"Pacific Sardine,"
NC_Kelp_Srock,FISH,SSAX,Sebastes saxicola,Sebastes,saxicola,"Stripetail Rockfish,"
NC_Kelp_Srock,FISH,SSEM,Sebastes semicinctus,Sebastes,semicinctus,"Halfbanded Rockfish,"
NC_Kelp_Srock,FISH,STICH,Stichaeidae spp.,Stichaeidae,spp.,"Pricklebacks, unidentified sp."
NC_Kelp_Srock,FISH,STRE,Sebastes serriceps,Sebastes,serriceps,"Treefish,"
NC_Kelp_Srock,FISH,SUMB, Sebastes umbrosus,,Sebastes umbrosus,"Honeycomb Rockfish, Added in 2012, counted by Vantuna Research Group as part of 2011 Baseline"
NC_Kelp_Srock,FISH,SYNG,Syngnathus spp.,Syngnathus,spp.,"Pipefish, unidentified sp."
NC_Kelp_Srock,FISH,SYRI,Synchirus / Rimicola spp.,Synchirus / Rimicola,spp.,"Manacled Sculpin/Kelp Clingfish, Combined species group of Synchirus gilli and Rimicola muscarum"
NC_Kelp_Srock,FISH,TCAL,Torpedo californica,Torpedo,californica,"Pacific Electric Ray,"
NC_Kelp_Srock,FISH,TSEM,Triakis semifasciata,Triakis,semifasciata,"Leopard Shark,"
NC_Kelp_Srock,FISH,TSYM,Trachurus symmetricus,Trachurus,symmetricus,"Jack Mackerel,"
NC_Kelp_Srock,FISH,UHAL,Urobatis halleri,Urobatis,halleri,"Haller'S Round Ray,"
NC_Kelp_Srock,FISH,UNID, ,,,"Unidentified Fish,"
NC_Kelp_Srock,FISH,XCAL,Xenistius californiensis,Xenistius,californiensis,"Californian Salema,"
NC_Kelp_Srock,FISH,ZEXA,Zapteryx exasperata,Zapteryx,exasperata,"Banded Guitarfish, Added in 2012, counted by Vantuna Research Group as part of 2011 Baseline"
NC_Kelp_Srock,FISH,ZROS,Zalembius rosaceus,Zalembius,rosaceus,"Pink Surfperch,"
NC_Kelp_Srock,SIZEFREQ,HALASS,Haliotis assimilis,Haliotis,assimilis,"threaded abalone,"
NC_Kelp_Srock,SIZEFREQ,HALCOR,Haliotis corrugata,Haliotis,corrugata,"pink abalone,"
NC_Kelp_Srock,SIZEFREQ,HALCRA,Haliotis cracherodii,Haliotis,cracherodii,"black abalone,"
NC_Kelp_Srock,SIZEFREQ,HALFUL,Haliotis fulgens,Haliotis,fulgens,"green abalone,"
NC_Kelp_Srock,SIZEFREQ,HALKAM,Haliotis kamtschatkana,Haliotis,kamtschatkana,"pinto abalone,"
NC_Kelp_Srock,SIZEFREQ_commercial,HALRUF,Haliotis rufescens,Haliotis,rufescens,"red abalone,"
NC_Kelp_Srock,SIZEFREQ,HALRUF,Haliotis rufescens,Haliotis,rufescens,"red abalone,"
NC_Kelp_Srock,SIZEFREQ,HALSPP,Haliotis spp.,Haliotis,spp.,"abalone spp.,"
NC_Kelp_Srock,SIZEFREQ,HALWAL,Haliotis wallalensis,Haliotis,wallalensis,"flat abalone,"
NC_Kelp_Srock,SIZEFREQ,KELKEL,Kelletia kelletii,Kelletia,kelletii,"Kellet's whelk, Added to size frequency in 2011 to get emerging fishery baseline size structure information"
NC_Kelp_Srock,SIZEFREQ,LYTANAAD,Lytechinus anamesus,Lytechinus,anamesus,"white urchin (adult > 2.5 cm),"
NC_Kelp_Srock,SIZEFREQ,MEGCRE,Megathura crenulata,Megathura,crenulata,"giant key-hole limpet, Added to size frequency in 2011 to get emerging fishery baseline size structure information"
NC_Kelp_Srock,SIZEFREQ,MEGUND,Megastraea undosum,Megastraea,undosum,"wavy turban snail, Added to size frequency in 2011 to get emerging fishery baseline size structure information"
NC_Kelp_Srock,SIZEFREQ,NO_ORG, ,,,"No organisms present in this sample,"
NC_Kelp_Srock,SIZEFREQ,PANINT,Panulirus interruptus,Panulirus,interruptus,"spiny lobster,"
NC_Kelp_Srock,SIZEFREQ_commercial,STRFRAAD,Strongylocentrotus franciscanus,Strongylocentrotus,franciscanus,"red urchin, adult > 2.5cm"
NC_Kelp_Srock,SIZEFREQ,STRFRAAD,Strongylocentrotus franciscanus,Strongylocentrotus,franciscanus,"red urchin, adult > 2.5cm"
NC_Kelp_Srock,SIZEFREQ_commercial,STRPURAD,Strongylocentrotus purpuratus,Strongylocentrotus,purpuratus,"purple urchin, adult > 2.5cm"
NC_Kelp_Srock,SIZEFREQ,STRPURAD,Strongylocentrotus purpuratus,Strongylocentrotus,purpuratus,"purple urchin, adult > 2.5cm"
NC_Kelp_Srock,SWATH,AGAFIM,Agarum fimbriatum,Agarum,fimbriatum,"Agarum,"
NC_Kelp_Srock,SWATH,ALAMAR,Alaria marginata,Alaria,marginata,"Alaria,"
NC_Kelp_Srock,SWATH,COSCOS,Costaria costatum,Costaria,costatum,"Costaria,"
NC_Kelp_Srock,SWATH,CYSOSMAD,Cystoseira osmundacea,Cystoseira,osmundacea,"Cystoseira, Adult diameter > 6cm"
NC_Kelp_Srock,SWATH,DICCAL,Dictyoneurum californicum,Dictyoneurum,californicum,"Dictyoneurum, This sp. and Dictyoneuropsis reticulata were considered to be  separate species,  they have since been shown to be all Dictyoneurum californica"
NC_Kelp_Srock,SWATH,EGRMEN,Egregia menziesii,Egregia,menziesii,"Egregia,"
NC_Kelp_Srock,SWATH,EISARBAD,Eisenia arborea,Eisenia,arborea,"Eisenia, adult stipe height > 30cm"
NC_Kelp_Srock,SWATH,LAMFAR,Laminaria farlowii,Laminaria,farlowii,"Laminaria, adult blade width > 10cm"
NC_Kelp_Srock,SWATH,LAMSAC,Laminaria saccharina,Laminaria,saccharina,"Laminaria, adult blade width > 10cm"
NC_Kelp_Srock,SWATH,LAMSET,Laminaria setchellii,Laminaria,setchellii,"Laminaria, adult stipe height > 30cm"
NC_Kelp_Srock,SWATH,LAMSPP,Laminaria spp.,Laminaria,spp.,"Laminaria,"
NC_Kelp_Srock,SWATH,MACPYRAD,Macrocystis pyrifera,Macrocystis,pyrifera,"Macrocystis, adult height > 1m (also used as a placeholder in swath data when no MACPYRAD were seen"
NC_Kelp_Srock,SWATH,NERLUE,Nereocystis luetkeana,Nereocystis,luetkeana,"Nereocystis,"
NC_Kelp_Srock,SWATH,NO_ORG, ,,,"No organisms present in this sample,"
NC_Kelp_Srock,SWATH,PLEGAR,Pleurophycus gardneri,Pleurophycus,gardneri,"Pleurophycus,"
NC_Kelp_Srock,SWATH,PTECALAD,Pterygophora californica,Pterygophora,californica,"Pterygophora, adult stipe height > 30cm"
NC_Kelp_Srock,SWATH,UNDPIN,Undaria pinnatifida,Undaria,pinnatifida,"Undaria,"
NC_Kelp_Srock,SWATH,ANTSOL,Anthopleura sola,Anthopleura,sola,"green anemone,"
NC_Kelp_Srock,SWATH,ANTSPP,Anthopleura spp.,Anthopleura,spp.,"unidentified anemone,"
NC_Kelp_Srock,SWATH,ANTXAN,Anthopleura xanthogrammica,Anthopleura,xanthogrammica,"giant green anemone,"
NC_Kelp_Srock,SWATH,APLCAL,Aplysia californica,Aplysia,californica,"California brown sea-hare,"
NC_Kelp_Srock,SWATH,ASTSER,Astrometis sertulifera,Astrometis,sertulifera,"fragile rainbow star, Added to species list in 2011, previous years stars not on species list were lumped as ASTSPP (unidentified asteroid)"
NC_Kelp_Srock,SWATH,ASTSPP, ,,,"unknown seastar,"
NC_Kelp_Srock,SWATH,BALNUB,Balanus nubilis,Balanus,nubilis,"barnacle,"
NC_Kelp_Srock,SWATH,CANSPP,Cancer spp.,Cancer,spp.,"cancer crab,"
NC_Kelp_Srock,SWATH,CENCOR,Centrostephanus coronatus,Centrostephanus,coronatus,"coronado urchin, crowned urchin,"
NC_Kelp_Srock,SWATH,CERFOL,Ceratostoma foliatum,Ceratostoma,foliatum,"leafy  hornmouth,"
NC_Kelp_Srock,SWATH,CRAARB,Craniella arb,Craniella,arb,"grey tennis ball sponge,"
NC_Kelp_Srock,SWATH,CRAGIG,Crassedoma giganteum,Crassedoma,giganteum,"rock scallop,"
NC_Kelp_Srock,SWATH,CRYDEC, ,,,"cryptic decorator crab unid. Spp.,"
NC_Kelp_Srock,SWATH,CRYSIT,Cryptolithoides sitchensis,Cryptolithoides,sitchensis,"umbrella crab,"
NC_Kelp_Srock,SWATH,CRYSTE,Cryptochiton stelleri,Cryptochiton,stelleri,"gumboot chiton,"
NC_Kelp_Srock,SWATH,CUCMIN,Cucumaria miniata,Cucumaria,miniata,"orange sea cucumber,"
NC_Kelp_Srock,SWATH,CUCSPP,Cucumaria spp.,Cucumaria,spp.,"sea cucumber, Any embedded (non-mobile) sea cucumber"
NC_Kelp_Srock,SWATH,CYPSPA,Cypraea spadicea,Cypraea,spadicea,"chestnut cowrie,"
NC_Kelp_Srock,SWATH,DERIMB,Dermasterias imbricata,Dermasterias,imbricata,"leather star,"
NC_Kelp_Srock,SWATH,DIOASP,Diodora aspera,Diodora,aspera,"rough keyhole limpet,"
NC_Kelp_Srock,SWATH,EPIPRO,Epiactis prolifera,Epiactis,prolifera,"brooding anemone,"
NC_Kelp_Srock,SWATH,EUGRUB,Eugorgia rubens,Eugorgia,rubens,"purple gorgonian,"
NC_Kelp_Srock,SWATH,EVATRO,Evasterias troschelli,Evasterias,troschelli,"mottled star,"
NC_Kelp_Srock,SWATH,GORGAD, ,,,"gorgonian adult, Any gorgonian >3cm tall including Lophogorgia chilensis, Muricea fruticosa and Muricea californica"
NC_Kelp_Srock,SWATH,HALASS,Haliotis assimilis,Haliotis,assimilis,"threaded abalone,"
NC_Kelp_Srock,SWATH,HALCOR,Haliotis corrugata,Haliotis,corrugata,"pink abalone,"
NC_Kelp_Srock,SWATH,HALCRA,Haliotis cracherodii,Haliotis,cracherodii,"black abalone,"
NC_Kelp_Srock,SWATH,HALFUL,Haliotis fulgens,Haliotis,fulgens,"green abalone,"
NC_Kelp_Srock,SWATH,HALKAM,Haliotis kamtschatkana,Haliotis,kamtschatkana,"pinto abalone,"
NC_Kelp_Srock,SWATH,HALRUF,Haliotis rufescens,Haliotis,rufescens,"red abalone,"
NC_Kelp_Srock,SWATH,HALSPP,Haliotis spp.,Haliotis,spp.,"abalone spp.,"
NC_Kelp_Srock,SWATH,HALWAL,Haliotis wallalensis,Haliotis,wallalensis,"flat abalone,"
NC_Kelp_Srock,SWATH,HENLEV,Henricia leviuscula,Henricia,leviuscula,"blood star,"
NC_Kelp_Srock,SWATH,KELKEL,Kelletia kelletii,Kelletia,kelletii,"Kellet's whelk,"
NC_Kelp_Srock,SWATH,LEPCHI,Leptogorgia chilensis,Leptogorgia,chilensis,"red gorgonian,"
NC_Kelp_Srock,SWATH,LOPMAN,Lopholithodes mandtii,Lopholithodes,mandtii,"Puget Sound king crab,"
NC_Kelp_Srock,SWATH,LOXGRA,Loxorhychus grandis,Loxorhychus,grandis,"sheep crab,"
NC_Kelp_Srock,SWATH,LOXSCY,Loxorhynchus/Scyra spp.,Loxorhynchus/Scyra,spp.,"decorator crab, moss crab, Combined species group of Loxorhynchus crispatus and Scyra acutifrons"
NC_Kelp_Srock,SWATH,LUIFOL,Luidia foliolata,Luidia,foliolata,"sand star, Added to species list in 2011, previous years stars not on species list were lumped as ASTSPP (unidentified asteroid)"
NC_Kelp_Srock,SWATH,LYTANAAD,Lytechinus anamesus,Lytechinus,anamesus,"white urchin (adult > 2.5 cm),"
NC_Kelp_Srock,SWATH,MEDAEQ,Mediaster aequalis,Mediaster,aequalis,"red star,"
NC_Kelp_Srock,SWATH,MEGCRE,Megathura crenulata,Megathura,crenulata,"giant key-hole limpet,"
NC_Kelp_Srock,SWATH,MEGGIB,Megastrea gibberosum,Megastrea,gibberosum,"red turban snail,"
NC_Kelp_Srock,SWATH,MEGSPP,Megastrea spp.,Megastrea,spp.,"turban snail,"
NC_Kelp_Srock,SWATH,MEGUND,Megastraea undosum,Megastraea,undosum,"wavy turban snail,"
NC_Kelp_Srock,SWATH,METSPP,Metridium spp.,Metridium,spp.,"white plumed anemones,"
NC_Kelp_Srock,SWATH,MIMFOL,Mimulus foliatus,Mimulus,foliatus,"mimicking crab,"
NC_Kelp_Srock,SWATH,MURCAL,Muricea califoniica,Muricea,califoniica,"California golden gorgonian,"
NC_Kelp_Srock,SWATH,MURFRU,Muricea fruticosa,Muricea,fruticosa,"brown gorgonian,"
NC_Kelp_Srock,SWATH,NUCLAM,Nucella Lamellosa,Nucella,Lamellosa,"frilled dogwinkle,"
NC_Kelp_Srock,SWATH,ORTKOE,orthasterias koehleri,orthasterias,koehleri,"rainbow star,"
NC_Kelp_Srock,SWATH,PACFIM,Pachycerianthus fimbratus,Pachycerianthus,fimbratus,"burrowing anemone,"
NC_Kelp_Srock,SWATH,PANINT,Panulirus interruptus,Panulirus,interruptus,"spiny lobster,"
NC_Kelp_Srock,SWATH,PARCAL,Parastichopus californicus,Parastichopus,californicus,"California sea cucumber,"
NC_Kelp_Srock,SWATH,PARPAR,Parastichopus parvimensis,Parastichopus,parvimensis,"warty sea-cucumber,"
NC_Kelp_Srock,SWATH,PARSPP,Parastichopus spp.,Parastichopus,spp.,"sea cucumber,"
NC_Kelp_Srock,SWATH,PATMIN,Patiria miniata,Patiria,miniata,"bat star,"
NC_Kelp_Srock,SWATH,PISBRE,Pisaster brevispinus,Pisaster,brevispinus,"short spined star,"
NC_Kelp_Srock,SWATH,PISGIG,Pisaster giganteus,Pisaster,giganteus,"giant spined star,"
NC_Kelp_Srock,SWATH,PISOCH,Pisaster ochraceous,Pisaster,ochraceous,"ochre star,"
NC_Kelp_Srock,SWATH,PORINF,Poraniopsis inflata,Poraniopsis,inflata,"Spiny sea star,"
NC_Kelp_Srock,SWATH,PTETES,Pteraster tesselatus,Pteraster,tesselatus,"cushion star,"
NC_Kelp_Srock,SWATH,PUGPRO,Pugettia producta,Pugettia,producta,"northern kelp crab,"
NC_Kelp_Srock,SWATH,PUGRIC,Pugettia richii,Pugettia,richii,"cryptic kelp crab,"
NC_Kelp_Srock,SWATH,PUGSPP,Pugettia spp.,Pugettia,spp.,"kelp crab,"
NC_Kelp_Srock,SWATH,PYCHEL,Pycnopodia helianthoides,Pycnopodia,helianthoides,"sunflower star,"
NC_Kelp_Srock,SWATH,SCYORE,Scyra / oregonia acutifrons / gracilis,Scyra / oregonia,acutifrons / gracilis,"decorator crab, moss crab, Combined species group used in oregon for decorator crabs - north of range of Loxyrynchus crispatus"
NC_Kelp_Srock,SWATH,SOLDAW,Solaster dawsoni,Solaster,dawsoni,"Dawson's sun star,"
NC_Kelp_Srock,SWATH,SOLSPP,Solaster spp.,Solaster,spp.,"unidentified sun star,"
NC_Kelp_Srock,SWATH,SOLSTI,Solaster stimpsoni,Solaster,stimpsoni,"Stimpson's sun star,"
NC_Kelp_Srock,SWATH,STRFRAAD,Strongylocentrotus franciscanus,Strongylocentrotus,franciscanus,"red urchin, adult > 2.5cm"
NC_Kelp_Srock,SWATH,STRPURAD,Strongylocentrotus purpuratus,Strongylocentrotus,purpuratus,"purple urchin, adult > 2.5cm"
NC_Kelp_Srock,SWATH,STYCAL,Stylaster californicus,Stylaster,californicus,"California hydrocoral, Hydrozoan"
NC_Kelp_Srock,SWATH,STYFOR,Stylasterias forreri,Stylasterias,forreri,"velcro star, Added to species list in 2011, previous years stars not on species list were lumped as ASTSPP (unidentified asteroid)"
NC_Kelp_Srock,SWATH,STYMON,Styela montereyensis,Styela,montereyensis,"stalked tunicate,"
NC_Kelp_Srock,SWATH,TETAUR,Tethya aurantia,Tethya,aurantia,"orange puff-ball sponge,"
NC_Kelp_Srock,SWATH,UNIDSP, ,,,"Unidentified mobile invert species,"
NC_Kelp_Srock,SWATH,URTCOL,Urticina columbiana,Urticina,columbiana,"sand-rose Anemone, Added to species list in 2010/11, previous years Urticina species not lofotensis were lumped in URTSPP"
NC_Kelp_Srock,SWATH,URTCOR,Urticina coriacea,Urticina,coriacea,"stubby rose anemone,"
NC_Kelp_Srock,SWATH,URTCOR,Urticina coriacea,Urticina,coriacea,"stubby rose anemone, Added to species list in 2010/11, previous years Urticina species not lofotensis were lumped in URTSPP"
NC_Kelp_Srock,SWATH,URTCRA,Urticina crassicornis,Urticina,crassicornis,"christmas anemone,"
NC_Kelp_Srock,SWATH,URTLOF,Urticina lofotensis,Urticina,lofotensis,"strawberry anemone,"
NC_Kelp_Srock,SWATH,URTPIS,Urticina piscivora,Urticina,piscivora,"fish-eating anemone,"
NC_Kelp_Srock,SWATH,URTSPP,Urticina spp.,Urticina,spp.,"Urticina spp., Any Urticina species other than U. piscivora and U. lofotensis"
NC_Kelp_Srock,UPC,AGLSTR,Aglaophenia struthenoides,Aglaophenia,struthenoides,"ostrich-plume hydroid,"
NC_Kelp_Srock,UPC,ANEM, ,,,"anemone, Any anemone including Pachycerianthus fimbriatus"
NC_Kelp_Srock,UPC,BARNAC, ,,,"barnacle,"
NC_Kelp_Srock,UPC,BARROC, ,,,"bare rock,"
NC_Kelp_Srock,UPC,BARSAN, ,,,"bare sand,"
NC_Kelp_Srock,UPC,BRANCH, ,,,"red algae (branching flat blade), Any red alga that has branching, compressed blades that are flat in cross section and roughly 1 cm or greater across. Branching should show a repeating pattern to be distinguished from tearing."
NC_Kelp_Srock,UPC,BROWN, ,,,"brown algae, Any brown algae but not including Cystoseira, Dicyoneuropsis, Dictyoneurum, Egregia, Macrocystis, Laminariales, Sargassum, Desmarestia (these are distinguished and sampled separately). Typically consists of Colpomenia spp."
NC_Kelp_Srock,UPC,BRYO, ,,,"bryozoan,"
NC_Kelp_Srock,UPC,BUSHY, ,,,"red algae (cylindrical branches), Any red alga that has cylindrical to subcylindrical branching thalli. Thalli are not flat in cross section but if so are less than 1 cm across. Examples: Gelidium, Pterocladia, Gastroclonium, Gracilaria, Condracanthus canaliculatus"
NC_Kelp_Srock,UPC,BUSHY00, ,,,"red alga with cylindrical branches. definition used in 2000, Any red alga that has cylindrical to subcylindrical branching thalli. Thalli are not flat in cross section but if so are less than 1 cm across. Examples: Gelidium, Pterocladia, Gastroclonium, Gracilaria, Condracanthus canaliculatus"
NC_Kelp_Srock,UPC,CLAM, ,,,"clam, Any embedded boring clam"
NC_Kelp_Srock,UPC,CLAVSPP,Clavularia spp.,Clavularia,spp.,"octocoral, Anthozoan"
NC_Kelp_Srock,UPC,COMTUN, ,,,"tunicate -colonial,compund,social, Includes Clavelina huntsmani, Distaplia occidentalis, Pycnoclavella stanleyi, Metandrocarpa spp. Didemnum carnulentum, Botrylloides spp., Archidistoma molle, Polyclinum planum"
NC_Kelp_Srock,UPC,CORCAL,Corynactis californica,Corynactis,californica,"strawberry anemone,"
NC_Kelp_Srock,UPC,CRUCOR, ,,,"coralline algae -crustose, Encrusting or crustose coralline algae"
NC_Kelp_Srock,UPC,CUCSPP,Cucumaria spp.,Cucumaria,spp.,"sea cucumber, Any embedded (non-mobile) sea cucumber"
NC_Kelp_Srock,UPC,CUPCOR, ,,,"cup coral, Includes Balanophyllia elegans, Astrangia lajollaensis, Paracyathus stearnsi"
NC_Kelp_Srock,UPC,CYSOSM,Cystoseira osmundacea,Cystoseira,osmundacea,"Cystoseira,"
NC_Kelp_Srock,UPC,DEADHOLD, ,,,"Macrosystis holdfast (dead),"
NC_Kelp_Srock,UPC,DESSPP,Desmarestia spp.,Desmarestia,spp.,"acidic seaweed,"
NC_Kelp_Srock,UPC,DIACAL,Diaporecia californica,Diaporecia,californica,"southern staghorn bryozoan,"
NC_Kelp_Srock,UPC,DICCAL,Dictyoneurum californicum,Dictyoneurum,californicum,"Dictyoneurum, This sp. and Dictyoneuropsis reticulata were considered to be  separate species,  they have since been shown to be all Dictyoneurum californica"
NC_Kelp_Srock,UPC,DICTYOTALES,Dictyotales spp.,Dictyotales,spp.,"Dictyotales, This species group includes Dictyota spp. and Dictyopteris undulata"
NC_Kelp_Srock,UPC,DIOCHA,Diopatra/Chaetopterus spp.,Diopatra/Chaetopterus,spp.,"ornate tube worm, Combined species group of Diopatra ornata and Chaetopterus sp."
NC_Kelp_Srock,UPC,DODFEW,Dodecaceria fewkesi,Dodecaceria,fewkesi,"Dodecaceria,"
NC_Kelp_Srock,UPC,EGRMEN,Egregia menziesii,Egregia,menziesii,"Egregia,"
NC_Kelp_Srock,UPC,ENCRED, ,,,"red algae -encrusting, Encrusting non-coralline red algae"
NC_Kelp_Srock,UPC,ERECOR, ,,,"coralline algae -erect/articulated,"
NC_Kelp_Srock,UPC,ERECTRED, ,,,"red fleshy algae, Any upright fleshy red algae recorded by CDFG divers"
NC_Kelp_Srock,UPC,GORGAD, ,,,"gorgonian adult, Any gorgonian >3cm tall including Lophogorgia chilensis, Muricea fruticosa and Muricea californica"
NC_Kelp_Srock,UPC,GREEN, ,,,"green algae, Any green algae including Codium, Ulva, Cladophora, Enteromorpha"
NC_Kelp_Srock,UPC,HYDROID, ,,,"hydroid,"
NC_Kelp_Srock,UPC,JUVLAM, ,,,"laminariales recruit, Smaller than adult size laminariales (eg, Macrocystis, Laminaria, Pterygophora, Eisenia, Pleurophycus"
NC_Kelp_Srock,UPC,LACY, ,,,"red algae (lacy branching), Any red algae that is filamentous or finely, densely branched. Branches are too small to isolate by hand. Examples: Plocamium, Microcladia, Polysiphonia, Ceramium, Neoptilota."
NC_Kelp_Srock,UPC,LAMHOLD, ,,,"Laminariales holdfast (alive), This species group includes all Laminarian kelp holdfasts except Macrocystis pyrifera"
NC_Kelp_Srock,UPC,LEAFY, ,,,"red algae (leaf-like), Any red alga that consists of single or multiple blades that have entire margins and do not branch past the basal portions. Can be torn but will not be in a repeating pattern. Examples: Gigartina, Mazaella, Halymenia, Schizymenia."
NC_Kelp_Srock,UPC,MACPYR_HF, ,,,"Macrosystis holdfast (alive),"
NC_Kelp_Srock,UPC,MUD, ,,,"sediment/mud, Defined as persistent fine sediment that can't be brushed away by hand"
NC_Kelp_Srock,UPC,MUSSEL, ,,,"mussel,"
NC_Kelp_Srock,UPC,PACRUB,Pachythone rubra,Pachythone,rubra,"red sea cucumber,"
NC_Kelp_Srock,UPC,PETMON,Petaloconchus montereyensis,Petaloconchus,montereyensis,"worm snail,"
NC_Kelp_Srock,UPC,PHRCAL,Phragmatopoma californica,Phragmatopoma,californica,"colonial sand tube worm,"
NC_Kelp_Srock,UPC,PHYSPP,Phyllospadix spp.,Phyllospadix,spp.,"surfgrass,"
NC_Kelp_Srock,UPC,SALTRI,Salmacina tribranchiata,Salmacina,tribranchiata,"fragile tube worms,"
NC_Kelp_Srock,UPC,SARFIL,Sargassum filicinum,Sargassum,filicinum,"Sargassum,"
NC_Kelp_Srock,UPC,SARMUT,Sargassum muticum,Sargassum,muticum,"Sargassum,"
NC_Kelp_Srock,UPC,SARSPP,Sargassum spp.,Sargassum,spp.,"Sargassum,"
NC_Kelp_Srock,UPC,SB00RED, ,,,"SB 2000 definition of 'Other Red' included all red algae except RHOSPP, BUSHY,  LEAFY, CRUCOR and ERECOR,"
NC_Kelp_Srock,UPC,SC00RED, ,,,"SC 2000 definition of 'Other Red' included all red algae except RHOSPP, BUSHY,  LEAFY, CRUCOR and ERECOR,"
NC_Kelp_Srock,UPC,SCALLOP, ,,,"scallop, Any attached (non-moble) scallop"
NC_Kelp_Srock,UPC,SCSB99RED, ,,,"SC and SB 1999 definition of 'Other Red' included all red algae except RHOSPP, CRUCOR and ERECOR,"
NC_Kelp_Srock,UPC,SCUM, ,,,"diatom layer, Diatom layer or decomposing, flocculent material, Scum"""""
NC_Kelp_Srock,UPC,SERPET,Serpulorbis/Petaloconchus spp.,Serpulorbis/Petaloconchus,spp.,"tube snail, scaled worm shell, Combined species group of Serpulorbis squamigerus and Petaloconchus montereyensis"
NC_Kelp_Srock,UPC,SERSQU,Serpulorbis squamigerus,Serpulorbis,squamigerus,"tube snail, scaled worm shell,"
NC_Kelp_Srock,UPC,SHELL, ,,,"shell debris,"
NC_Kelp_Srock,UPC,SOLTUN, ,,,"tunicate -solitary, Includes Corella willmeriana, Ascidia paratropa, Cnemidocarpa finmarkiensis, Styela montereyensis, Boltenia villosa, Halocynthia aurantia, Pyura haustor"
NC_Kelp_Srock,UPC,SPONGE, ,,,"sponge,"
NC_Kelp_Srock,UPC,STYCAL,Stylaster californicus,Stylaster,californicus,"California hydrocoral, Hydrozoan"
NC_Kelp_Srock,UPC,STYPOR,Stylantheca porphyra,Stylantheca,porphyra,"encrusting purple hydrocoral,"
NC_Kelp_Srock,UPC,TUBEMAT, ,,,"tubeworm mat., unidentified sp"
NC_Kelp_Srock,UPC,TUBEWORM, ,,,"tubeworm, Any tube worm (spirorbids, sabellids, serpulids, terrebelids) excluding Dodecacaria, Salmacina, Diopatra and Phragmatopoma (distinguished and sampled separately)"
NC_Kelp_Srock,UPC,TURF, ,,,"red filamentous turf, Dense turf of red filamentous algae < 1cm high"
NC_Kelp_Srock,UPC,HETPAC,Heteropora pacifica,Heteropora,pacifica,"northern staghorn bryozoan, Added to species list in 2011, previous years lumped into BRYO category"
NC_Kelp_Srock,UPC,FLATREL, ,,,"vertical relief: flat, 0 - 10 cm vertical relief recorded within box 0.5 m in front and back of the point and 1 m on either side"
NC_Kelp_Srock,UPC,HIREL, ,,,"vertical relief: high, > 2 m vertical relief recorded within box 0.5 m in front and back of the point and 1 m on either side"
NC_Kelp_Srock,UPC,MODREL, ,,,"vertical relief: moderate, 1 m - 2 m vertical relief recorded within box 0.5 m in front and back of the point and 1 m on either side"
NC_Kelp_Srock,UPC,SLTREL, ,,,"vertical relief: slight, 10 cm - 1 m vertical relief recorded within box 0.5 m in front and back of the point and 1 m on either side"
NC_Kelp_Srock,UPC,BEDRK, ,,,"substrate: bedrock, Classification based on greatest diameter > 1 m"
NC_Kelp_Srock,UPC,BOULD, ,,,"substrate: boulder, Classification based on greatest diameter 10cm - 1m"
NC_Kelp_Srock,UPC,COB, ,,,"substrate: cobble, Classification based on greatest diameter < 10cm"
NC_Kelp_Srock,UPC,SAND, ,,,"substrate: sand, Classification based on persistent sand that can not be brushed away from any lower substrate"
NC_Kelp_Srock,UPC,UNDBRIT, ,,,"brittlestars (layer above primary spaceholder), A layer of Brittlestars that is counted in addition to a primary space holder below"
NC_Kelp_Srock,UPC,UNDDET, ,,,"detritus (layer above primary spaceholder), Unattached algae/kelp detritus that is counted in addition to a primary space holder below"
NC_Kelp_Srock,UPC,UNDLAM, ,,,"Laminaria farlowii sub-canopy (layer above primary spaceholder), A layer of Laminaria farlowii that is counted in addition to a primary space holder below"
NC_Kelp_Srock,UPC,UNDPAC, ,,,"Pachythyone rubra (layer above primary spaceholder), A layer of Pachythone rubra that is counted in addition to a primary space holder below"
