,Rank
Acanthina,genus
Acanthodoris,genus
Acanthodoris brunnea,species
Acanthodoris rhodoceras,species
Acanthoptilum,genus
Acarina,species
Acharax johnsoni,species
Achelia echinata,species
Acila castrensis,species
Aclis,genus
Acoetes pacifica,species
Acrocirridae,family
Acrocirrus,genus
Acteocina,genus
Acteocina cerealis,species
Acteocina harpa,species
Actiniaria,order
Admete,genus
Admete couthouyi,species
Admete gracilior,species
Adontorhina cyclia,species
Adula,genus
Aegires albopunctatus,species
Aeolidiidae,family
Aglaja ocelligera,species
Aglaophamus,genus
Aglaophamus verrilli,species
Aglaophenia,genus
Akanthophoreus phillipsi,species
Akera,genus
Alaba,genus
Alcyonidium,genus
Alderia willowi,species
Alia,genus
Alia carinata,species
Alienacanthomysis,genus
Alienacanthomysis macropsis,species
Alpheidae,family
Alpheopsis equidactylus,species
Alpheus,genus
Alpheus bellimanus,species
Alpheus clamator,species
Alvania,genus
Alvania compacta,species
Alvania rosana,species
Amaeana occidentalis,species
Amage anops,species
Amathia,genus
Amathia distans,species
Amblyops,genus
Amblyops abbreviata,species
Americhelidium,genus
Americhelidium rectipalmum,species
Ammothea hilgendorfi,species
Ammotheidae,family
Ampelisca,genus
Ampelisca agassizi,species
Ampelisca brachycladus,species
Ampelisca brevisimulata,species
Ampelisca careyi,species
Ampelisca hancocki,species
Ampelisca indentata,species
Ampelisca lobata,species
Ampelisca pacifica,species
Ampelisca pugetica,species
Ampeliscidae,family
Ampharete,genus
Ampharete acutifrons,species
Ampharete finmarchica,species
Ampharete goesi,species
Ampharete labrops,species
Ampharetidae,family
Amphichondrius granulatus,species
Amphicteis,genus
Amphicteis mucronata,species
Amphicteis scaphobranchiata,species
Amphideutopus oculatus,species
Amphiduros,genus
Amphilochidae,family
Amphiodia,genus
Amphiodia digitata,species
Amphiodia psara,species
Amphiodia urtica,species
Amphioplus,genus
Amphioplus strongyloplax,species
Amphipholis,genus
Amphipholis pugetana,species
Amphipholis squamata,species
Amphiporidae,family
Amphiporus,genus
Amphiporus cruentatus,species
Amphisamytha bioculata,species
Amphissa,genus
Amphissa bicolor,species
Amphissa versicolor,species
Amphitrite,genus
Amphiura,genus
Amphiura arcystata,species
Amphiura diomedeae,species
Amphiuridae,family
Ampithoe,genus
Ampithoe lacertosa,species
Ampithoe longimana,species
Ampithoe plumulosa,species
Ampithoe ramondi,species
Ampithoe valida,species
Ampithoidae,family
Anarthruridae,family
Ancistrosyllis,genus
Ancistrosyllis groenlandica,species
Ancistrosyllis hamata,species
Anobothrus,genus
Anobothrus gracilis,species
Anoplodactylus,genus
Anoplodactylus californicus,species
Anoplodactylus erectus,species
Anoplodactylus viridintestinalis,species
Anthoptilum grandiflorum,species
Anthozoa,class
Antinoe,species
Antiplanes,genus
Antiplanes catalinae,species
Antiplanes thalea,species
Aonides,genus
Aoridae,family
Aoroides,genus
Aoroides columbiae,species
Aoroides exilis,species
Aoroides inermis,species
Aoroides intermedius,species
Aoroides secunda,species
Aphelochaeta,genus
Aphelochaeta monilaris,species
Aphelochaeta phillipsi,species
Aphrodita,genus
Aphrodita japonica,species
Aphrodita refulgida,species
Apionsoma misakianum,species
Apionsoma murinae,species
Apistobranchus,genus
Aplousobranchia,order
Aplysiopsis enteromorphae,species
Apodida,order
Arabella,genus
Araphura,genus
Araphura breviaria,species
Archaeomysis grebnitzkii,species
Arcturidae,family
Argissa hamatipes,species
Argopecten ventricosus,species
Aricidea,genus
Aricidea antennata,species
Aricidea catherinae,species
Aricidea cerrutii,species
Aricidea lopezi,species
Aricidea pacifica,species
Aricidea simplex,species
Aricidea wassi,species
Aristias,genus
Armandia,genus
Armandia brevis,species
Armina californica,species
Artacama coniferi,species
Aruga oculata,species
Asabellides,genus
Ascidia,genus
Ascidiacea,class
Asclerocheilus kudenovi,species
Assiminea californica,species
Asteriidae,family
Asteroidea,class
Astropecten,genus
Astropecten armatus,species
Astropecten californicus,species
Axinopsida serricata,species
Axiothella,genus
Balanidae,family
Balanoglossus,genus
Balanus,genus
Balcis,genus
Barentsia,genus
Barleeia,genus
Barleeia haliotiphila,species
Baseodiscus delineatus,species
Bathybembix bairdii,species
Bathymedon,genus
Bathymedon pumilus,species
Belonectes,genus
Bemlos,genus
Bemlos audbettius,species
Berthella,genus
Berthella californica,species
Betaeus,genus
Betaeus harrimani,species
Betaeus longidactylus,species
Bipalponephtys cornuta,species
Bispira,genus
Bivalvia,class
Blepharipoda occidentalis,species
Boccardia,genus
Boccardia proboscidea,species
Boccardiella,genus
Boccardiella hamata,species
Boreotrophon multicostatus,species
Borsonella,genus
Botrylloides,genus
Bougainvilliidae,family
Brachyura,species
Brada,genus
Brada pilosa,species
Branchiomaldane,genus
Branchiomma,genus
Branchiostoma californiense,species
Branchiosyllis exilis,species
Brania,genus
Brisaster,genus
Brisaster townsendi,species
Brissopsis,genus
Brissopsis pacifica,species
Bruzelia tuberculata,species
Buccinidae,family
Bugula,genus
Bugula neritina,species
Bulla gouldiana,species
Byblis,genus
Byblis millsi,species
Byblis veleronis,species
Caecidae,family
Caecognathia,genus
Caecognathia crenulatifrons,species
Caecum crebricinctum,species
Californiconus californicus,species
Callianax,genus
Callianax biplicata,species
Callibaetis,genus
Calliostoma,genus
Calliostoma variegatum,species
Callipallenidae,family
Callithaca tenerrima,species
Calocarides,genus
Calyptogena,genus
Calyptraea fastigiata,species
Calyptraeidae,family
Campanulariidae,family
Campylaspis,genus
Cancellaria crawfordiana,species
Cancer,genus
Cancer productus,species
Cancridae,family
Capitella capitata,species
Capitellidae,family
Caprella,genus
Caprella alaskana,species
Caprella californica,species
Caprella mendax,species
Caprella simia,species
Caprella verrucosa,species
Caprellidae,family
Cardiomya,genus
Cardiomya pectinata,species
Carinoma mutabilis,species
Carinomella lactea,species
Carpoapseudes,genus
Caryocorbula,genus
Caulibugula,genus
Caulibugula ciliata,species
Caulleriella,genus
Caulleriella pacifica,species
Cephalaspidea,order
Cephalophoxoides homilis,species
Cephalothrix,genus
Ceratocephale loveni,species
Cerebratulus,genus
Cerebratulus albifrons,species
Cerebratulus californiensis,species
Cerebratulus lineolatus,species
Cerebratulus marginatus,species
Cerebratulus montgomeryi,species
Cerithidea californica,species
Cerithiopsis,genus
Chaetoderma,genus
Chaetoderma pacificum,species
Chaetodermatida,order
Chaetodermatidae,family
Chaetopteridae,family
Chaetopterus variopedatus,species
Chaetozone,genus
Chaetozone acuta,species
Chaetozone columbiana,species
Chaetozone corona,species
Chaetozone hartmanae,species
Chaetozone setosa,species
Chelura terebrans,species
Chelyosoma columbianum,species
Chione,genus
Chiridota,genus
Chirimia biceps,species
Chironomidae,family
Chitonida,order
Chlamys,genus
Chloeia pinnata,species
Chondrochelia dubia,species
Chone,genus
Chone magna,species
Chrysopetalum occidentale,species
Cidarina cidaris,species
Cingula,genus
Ciona robusta,species
Cirolanidae,family
Cirratulidae,family
Cirratulus,genus
Cirriformia,genus
Cirrophorus,genus
Cirrophorus branchiatus,species
Cirrophorus furcatus,species
Cistenides granulata,species
Clymenella,genus
Clytia,genus
Coboldus hedgpethi,species
Collembola,class
Columbellidae,family
Compsomyax subdiaphana,species
Conidae,family
Conopeum,genus
Cooperella subdiaphana,species
Copepoda,class
Corixidae,family
Corophiidae,family
Corymorpha,genus
Corymorpha bigelowi,species
Corymorphidae,family
Corynactis californica,species
Cossura,genus
Cossura pygodactylata,species
Crangon,genus
Crangon alaskensis,species
Crangon nigromaculata,species
Crangonidae,family
Crassispira semiinflata,species
Crenella decussata,species
Crepidula,genus
Crepidula onyx,species
Crepipatella lingulata,species
Crucigera,genus
Cryptomya californica,species
Cryptonatica affinis,species
Cucumaria,genus
Cucumaria piperata,species
Cucumariidae,family
Cumacea,order
Cumella,genus
Cuspidaria parapodema,species
Cuspidariidae,family
Cyathodonta pedroana,species
Cyclaspis,genus
Cyclocardia,genus
Cyclocardia crebricostata,species
Cyclocardia gouldii,species
Cyclocardia ventricosa,species
Cyclopecten,genus
Cylichna,genus
Cylichna diegensis,species
Cylindroleberididae,family
Cymatioa electilis,species
Dacrydium,genus
Dasybranchus,genus
Decamastus gracilis,species
Decapoda,order
Deflexilodes norvegicus,species
Deilocerus,genus
Deilocerus planus,species
Delectopecten vancouverensis,species
Demospongiae,class
Dendraster,genus
Dendraster excentricus,species
Dendrochirotida,order
Dendronotus,genus
Dentaliidae,family
Diadumene,genus
Diadumenidae,family
Diaphana californica,species
Diaphorodoris lirulatocauda,species
Diastylidae,family
Diastylis,genus
Diastylis californica,species
Diastylis crenellata,species
Diastylis pellucida,species
Diastylis sentosa,species
Diastylopsis tenuis,species
Diopatra,genus
Diopatra ornata,species
Diplocirrus,genus
Diplodonta,genus
Dipolydora,genus
Dipolydora bidentata,species
Dipolydora caulleryi,species
Dipolydora giardi,species
Dipolydora socialis,species
Diptera,order
Disporella,genus
Dodecaceria concharum,species
Dodecaceria fewkesi,species
Dolichopodidae,family
Dorvillea,genus
Dorvilleidae,family
Doto,genus
Doto columbiana,species
Doto kya,species
Dougaloplus,genus
Dougaloplus amphacanthus,species
Drilonereis,genus
Drilonereis filum,species
Drilonereis longa,species
Dromalia alexandri,species
Echinasteridae,family
Echinoidea,class
Echiuroidea,order
Eclysippe trilobata,species
Ectopleura crocea,species
Edotia,genus
Edotia sublittoralis,species
Edwardsia,genus
Edwardsia juliae,species
Edwardsiidae,family
Elasmopus,genus
Elasmopus bampo,species
Elthusa vulgaris,species
Emerita analoga,species
Emplectonematidae,family
Enchiridium punctatum,species
Ennucula tenuis,species
Ensis myrae,species
Enteropneusta,class
Entodesma navicula,species
Entoprocta,phylum
Eobrolgus,genus
Eobrolgus chumashi,species
Eochelidium,genus
Ephesiella brevicapitis,species
Epialtidae,family
Epitoniidae,family
Epitonium,genus
Epitonium sawinae,species
Eranno,genus
Eranno bicirrata,species
Erato,genus
Ericerodes hemphillii,species
Ericthonius,genus
Ericthonius brasiliensis,species
Ericthonius rubricornis,species
Eteone,genus
Eteone californica,species
Eteone lighti,species
Eteone pacifica,species
Eualus,genus
Eualus subtilis,species
Euchone,genus
Eudistylia vancouveri,species
Eudorella pacifica,species
Eudorellopsis longirostris,species
Eugyra,genus
Eulalia,genus
Eulalia californiensis,species
Eulalia levicornuta,species
Eulalia quadrioculata,species
Eulima raymondi,species
Eulimidae,family
Eulithidium,genus
Eulithidium pulloides,species
Eumida,genus
Eumida longicornuta,species
Eunice,genus
Eunicidae,family
Eunoe,genus
Euphilomedes carcharodonta,species
Euphilomedes producta,species
Euphysa,genus
Eupolymnia heterobranchia,species
Euryleptidae,family
Eusarsiella,genus
Eusiridae,family
Eusirus,genus
Eusyllis,genus
Eusyllis blomstrandi,species
Eusyllis habei,species
Eusyllis transecta,species
Excirolana chiltoni,species
Exogone,genus
Exogone dwisula,species
Exogone lourei,species
Exosphaeroma,genus
Eyakia,genus
Fabia subquadrata,species
Fabriciidae,family
Facelinidae,family
Fauveliopsis,genus
Fauveliopsis glabra,species
Fissidentalium,genus
Flabellifera,species
Flabelligella,genus
Flabelligera,genus
Flabelligera infundibularis,species
Flabelligeridae,family
Flabellinidae,family
Foxiphalus,genus
Foxiphalus golfensis,species
Foxiphalus obtusidens,species
Gadila aberrans,species
Galathowenia,genus
Galathowenia oculata,species
Gammaridae,family
Gammaropsis,genus
Gammaropsis thompsoni,species
Gari,genus
Garnotia,genus
Garveia,genus
Gastropoda,class
Gastropteron pacificum,species
Geukensia demissa,species
Gibberosus,genus
Gibberosus myersi,species
Glebocarcinus oregonensis,species
Globivenus fordii,species
Glossaulax reclusiana,species
Glycera,genus
Glycera americana,species
Glycera macrobranchia,species
Glycera nana,species
Glycera oxycephala,species
Glycera robusta,species
Glycera tenuis,species
Glycera tesselata,species
Glyceridae,family
Glycinde,genus
Glycinde armigera,species
Glycinde picta,species
Glycymeris septentrionalis,species
Glyphanostomum pallescens,species
Gnathiidae,family
Gnathopleustes pugettensis,species
Gnorimosphaeroma oregonense,species
Golfingia,genus
Golfingia margaritacea,species
Golfingiidae,family
Goniada,genus
Goniada littorea,species
Goniadidae,family
Grandidierella japonica,species
Granulina margaritula,species
Grubeopolynoe,genus
Guernea reduncans,species
Gymnonereis crosslandi,species
Gyptis,genus
Gyptis brunnea,species
Hadziidae,family
Halacaridae,family
Halcampa decemtentaculata,species
Halcampidae,family
Haliophasma geminatum,species
Haloclavidae,family
Halosydna,genus
Halosydna brevisetosa,species
Halosydna johnsoni,species
Halosydna latior,species
Hamatoscalpellum californicum,species
Haminoea,genus
Haminoea vesicula,species
Hanleyella oldroydi,species
Harbansus,genus
Harfordia,genus
Harmothoe,genus
Harmothoe fragilis,species
Harmothoe imbricata,species
Harpacticoida,order
Harpiniopsis,genus
Harpiniopsis fulgens,species
Hartmanodes,genus
Hartmanodes hartmanae,species
Haustoriidae,family
Hemigrapsus,genus
Hemigrapsus oregonensis,species
Hemilamprops,genus
Hemilamprops californicus,species
Hemisquilla californiensis,species
Henricia,genus
Heptacarpus brevirostris,species
Heptacarpus palpator,species
Heptacarpus paludicola,species
Heptacarpus stimpsoni,species
Hermundura fauveli,species
Hesionidae,family
Hesiospina,genus
Hesperonoe,genus
Hesperonoe complanata,species
Heteromastus,genus
Heteromastus filiformis,species
Heteromastus filobranchus,species
Heteromysis,genus
Heteronemertea,order
Heterophoxus,genus
Heterophoxus affinis,species
Heterophoxus conlanae,species
Heterophoxus ellisi,species
Heterospio catalinensis,species
Hiatella arctica,species
Hippolyte californiensis,species
Hippolytidae,family
Hippomedon,genus
Hirundinea,genus
Holothuroidea,class
Hoplonemertea,class
Hormathiidae,family
Hourstonius vilordes,species
Hyalella azteca,species
Hyalidae,family
Hyalinoecia juvenalis,species
Hydractinia,genus
Hydroides,genus
Hydroides elegans,species
Hydrozoa,class
Idanthyrsus,genus
Idotea,genus
Ingolfiellidae,family
Insecta,class
Irusella lamellifera,species
Isaeidae,family
Ischnochitonidae,family
Ischyroceridae,family
Ischyrocerus,genus
Ischyrocerus anguipes,species
Ischyrocerus pelagops,species
Isocheles pilosus,species
Isocirrus longiceps,species
Isopoda,order
Janiralata,genus
Janiralata occidentalis,species
Janiridae,family
Jasmineira,genus
Jassa,genus
Jassa slatteryi,species
Jassa staudei,species
Joeropsididae,family
Joeropsis dubia,species
Keenaea centifilosa,species
Kelletia kelletii,species
Kellia suborbicularis,species
Kirkegaardia,genus
Kirkegaardia cryptica,species
Kirkegaardia serratiseta,species
Kirkegaardia siblina,species
Kurtiella,genus
Kurtiella tumida,species
Kurtzia arteaga,species
Kurtziella plumbea,species
Kurtzina beta,species
Lacuna,genus
Lacuna unifasciata,species
Lacydonia,genus
Lampropidae,family
Lanassa,genus
Lanassa gracilis,species
Lanassa venusta venusta,subspecies
Lanice conchilega,species
Laomedea calceolifera,species
Laonice,genus
Laonice cirrata,species
Laonice nuchala,species
Laphania,genus
Laphania boecki,species
Lasaeidae,family
Laticorophium baconi,species
Latocestidae,family
Latulambrus occidentalis,species
Leaena,genus
Lebbeus,genus
Ledella,genus
Leiochrides,genus
Leitoscoloplos,genus
Leitoscoloplos pugettensis,species
Lepidasthenia,genus
Lepidasthenia berkeleyae,species
Lepidasthenia longicirrata,species
Lepidepecreum garthi,species
Lepidepecreum gurjanovae,species
Lepidonotus,genus
Lepidopleurida,order
Lepidozona,genus
Lepidozona radians,species
Leptochelia,genus
Leptochiton,genus
Leptochiton nexus,species
Leptochiton rugatus,species
Leptognathiidae,family
Leptopecten latiauratus,species
Leptoplanidae,family
Leptostylis,genus
Leptostylis abditis,species
Leptosynapta,genus
Leucilla nuttingi,species
Leucon,genus
Leucon falcicosta,species
Leuconidae,family
Leucosolenia nautilia,species
Leucothoe nagatai,species
Leukoma,genus
Leukoma staminea,species
Leuroleberis sharpei,species
Levinsenia,genus
Levinsenia gracilis,species
Liljeborgia,genus
Liljeborgiidae,family
Limaria hemphilli,species
Limnactiniidae,family
Lineidae,family
Lineus,genus
Lineus bilineatus,species
Lineus flavescens,species
Lirobarleeia kelseyi,species
Lirobittium,genus
Listriella,genus
Listriella diffusa,species
Listriella eriopisa,species
Listriella goleta,species
Listriella melanica,species
Listriolobus,genus
Listriolobus pelodes,species
Littorina keenae,species
Loimia,genus
Lophopanopeus,genus
Lophopanopeus bellus,species
Lottia instabilis,species
Lovenia cordiformis,species
Loxorhynchus crispatus,species
Loxosomella,genus
Loy thompsoni,species
Lucinisca nuttalli,species
Lucinoma annulata,species
Luidia,genus
Luidia armata,species
Luidia asthenosoma,species
Luidia foliolata,species
Lumbrineridae,family
Lumbrinerides,genus
Lumbrineriopsis,genus
Lumbrineris,genus
Lumbrineris cingulata,species
Lumbrineris cruzensis,species
Lumbrineris inflata,species
Lumbrineris japonica,species
Lumbrineris latreilli,species
Lumbrineris ligulata,species
Lyonsia californica,species
Lyonsiidae,family
Lysianassidae,family
Lysippe,genus
Lytechinus pictus,species
Macoma,genus
Macoma carlottensis,species
Macoma nasuta,species
Macoma secta,species
Macoma yoldiformis,species
Macrochaeta,genus
Mactridae,family
Mactromeris,genus
Mactromeris catilliformis,species
Mactrotoma,genus
Maculaura alaskensis,species
Maera similis,species
Magelona,genus
Magelona berkeleyi,species
Magelona pitelkai,species
Magelona sacculata,species
Majidae,family
Makrokylindrus,genus
Malacoceros indicus,species
Malacoplax californiensis,species
Maldane,genus
Maldane sarsi,species
Maldanidae,family
Malletia,genus
Malletia faba,species
Malmgreniella,genus
Malmgreniella baschi,species
Malmgreniella macginitiei,species
Malmgreniella nigralba,species
Mangeliidae,family
Margarites,genus
Marphysa,genus
Marphysa disjuncta,species
Marphysa stylobranchiata,species
Mayerella,genus
Mayerella banksia,species
Mediomastus,genus
Megabalanus californicus,species
Megalomma,genus
Megaluropidae,family
Megamoera subtener,species
Megastraea undosa,species
Megasurcula,genus
Megasurcula carpenteriana,species
Megasyllis nipponica,species
Melampus olivaceus,species
Melanella,genus
Melanochlamys diomedea,species
Melinna,genus
Melinna heterodonta,species
Melinna oculata,species
Melitidae,family
Mendicula ferruginosa,species
Merona,genus
Mesocentrotus franciscanus,species
Mesochaetopterus,genus
Mesocrangon munitella,species
Metacarcinus anthonyi,species
Metacarcinus gracilis,species
Metaphoxus frequens,species
Metatiron tropakis,species
Microcosmus squamiger,species
Microjassa,genus
Microjassa barnardi,species
Microphthalmus,genus
Micropleustes nautilus,species
Micropodarke dubia,species
Micrura,genus
Micrura wilsoni,species
Mitrella,genus
Modiolus,genus
Modiolus sacculifer,species
Molgula,genus
Molgula manhattensis,species
Molgula pugetiensis,species
Molgulidae,family
Mollusca,phylum
Molpadia arenicola,species
Molpadia intermedia,species
Monobrachium parasitum,species
Monocorophium,genus
Monocorophium acherusicum,species
Monocorophium insidiosum,species
Monocorophium uenoi,species
Monoculodes,genus
Monoculodes emarginatus,species
Monticellina,genus
Mooreonuphis,genus
Mooreonuphis exigua,species
Mooreonuphis nebulosa,species
Mooreonuphis stigmatis,species
Mopalia,genus
Munida quadrispina,species
Munna,genus
Munnopsidae,family
Munnopsurus,genus
Musculista senhousia,species
Musculus,genus
Mya arenaria,species
Myodocopida,order
Myrianida,genus
Myrianida pachycera,species
Myriochele,genus
Myriochele olgae,species
Myriotrochus,genus
Mysella,genus
Mysidae,family
Mysidopsis,genus
Mystides,genus
Mytilidae,family
Mytilus,genus
Myxicola,genus
Myxoderma platyacanthum,species
Naineris,genus
Naineris dendritica,species
Naineris grubei,species
Naineris quadricuspida,species
Naineris uncinata,species
Nannastacidae,family
Nassariidae,family
Nassarius,genus
Nassarius tiarula,species
Naticidae,family
Neaeromya compressa,species
Neaeromya rugifera,species
Neanthes,genus
Neanthes acuminata,species
Neastacilla californica,species
Nebalia,genus
Nebalia hessleri,species
Nebalia pugettensis,species
Neilonella,genus
Neilonellidae,family
Nellobia eusoma,species
Nemertea,phylum
Neocrangon zacae,species
Neodexiospira brasiliensis,species
Neosabellaria cementarium,species
Neotrypaea,genus
Neotrypaea californiensis,species
Neotrypaea gigas,species
Nephasoma,genus
Nephasoma diaphanes,species
Nephasoma pellucidum,species
Nephtyidae,family
Nephtys,genus
Nephtys caecoides,species
Nephtys ferruginea,species
Nereididae,family
Nereiphylla,genus
Nereis,genus
Nereis latescens,species
Nereis pelagica,species
Neverita,genus
Neverita lewisii,species
Nicippe tumida,species
Nicolea,genus
Nicomache,genus
Nicomache lumbricalis,species
Nicomache personata,species
Ninoe,genus
Ninoe palmata,species
Ninoe tridentata,species
Nothria,genus
Notomastus,genus
Notomastus hemipodus,species
Notomastus latericeus,species
Notomastus tenuis,species
Notopoma,genus
Nucula carlottensis,species
Nuculana,genus
Nuculana conceptionis,species
Nuculana hamata,species
Nuculanida,order
Nudibranchia,order
Nutricola,genus
Nutricola lordi,species
Nutricola tantilla,species
Nymphon pixellae,species
Obelia,genus
Obelia geniculata,species
Ocinebrina,genus
Octobranchus,genus
Octopus,genus
Odontosyllis,genus
Odontosyllis phosphorea,species
Odostomia,genus
Oedicerotidae,family
Oenonidae,family
Oenopota,genus
Oerstedia dorsalis,species
Ogyrides,genus
Okenia,genus
Olea hansineensis,species
Oligochaeta,genus
Onchidorididae,family
Onuphidae,family
Onuphis,genus
Onuphis elegans,species
Onuphis iridescens,species
Opalia funiculata,species
Ophelia limacina,species
Opheliidae,family
Ophelina,genus
Ophelina acuminata,species
Ophiacantha,genus
Ophiacanthidae,family
Ophiactis simplex,species
Ophiodermella,genus
Ophiodermella inermis,species
Ophionereis annulata,species
Ophionereis eurybrachiplax,species
Ophiopteris papillosa,species
Ophioscolex corynetes,species
Ophiosphalma jolliense,species
Ophiura,genus
Ophiura luetkenii,species
Ophiuridae,family
Ophiuroidea,class
Ophryotrocha,genus
Opisa tridentata,species
Opisthodonta,genus
Orbinia johnsoni,species
Orbiniidae,family
Orchestia,genus
Orchomene,genus
Orchomenella,genus
Orchomenella decipiens,species
Orchomenella pinguis,species
Orthopagurus minimus,species
Ostracoda,class
Ostrea,genus
Ostrea lurida,species
Ostreidae,family
Owenia,genus
Owenia collaris,species
Owenia johnsoni,species
Oweniidae,family
Oxydromus pugettensis,species
Pachycerianthus,genus
Pachycheles,genus
Pachychila,genus
Pachygrapsus crassipes,species
Pachynus barnardi,species
Pachythyone rubra,species
Pacifacanthomysis nephrophthalma,species
Paguridae,family
Paguristes,genus
Paguristes turgidus,species
Paguristes ulreyi,species
Pagurus,genus
Pagurus beringanus,species
Pagurus hartae,species
Pagurus quaylei,species
Palaemon macrodactylus,species
Palaemonella holmesi,species
Palaeonemertea,class
Paleanotus bellis,species
Pandora,genus
Pandora bilirata,species
Pandora filosa,species
Pannychia moseleyi,species
Panopea generosa,species
Panopeidae,family
Paracaprella,genus
Paracaudina chilensis,species
Paracerceis,genus
Paracerceis sculpta,species
Paracyathus stearnsii,species
Paradialychone bimaculata,species
Paradialychone ecaudata,species
Paradiopatra,genus
Paradiopatra parva,species
Paradoneis,genus
Paradoneis lyra,species
Paralamprops,genus
Parametaphoxus,genus
Paramunna,genus
Paramunnidae,family
Paranaitis,genus
Paranaitis polynoides,species
Paranemertes,genus
Paranemertes peregrina,species
Paranthura elegans,species
Paranthura japonica,species
Paraonella,genus
Paraonidae,family
Paraonides platybranchia,species
Paraphoxus,genus
Paraprionospio alata,species
Parasabella,genus
Paraxanthias taylori,species
Pardalisca tenuipes,species
Pardaliscella,genus
Pardaliscidae,family
Pareurythoe californica,species
Parexogone,genus
Parougia caeca,species
Parvilucina tenuisculpta,species
Peachia quinquecapitata,species
Pectinaria californiensis,species
Pectinariidae,family
Pectinidae,family
Penaeidae,family
Pennatula phosphorea,species
Pennatulacea,order
Pennatulidae,family
Pentamera,genus
Pentamera lissoplaca,species
Pentamera pediparva,species
Pentamera populifera,species
Pentamera pseudocalcigera,species
Pentamera rigida,species
Peramphithoe,genus
Perkinsiana,genus
Perophora,genus
Perophora annectens,species
Petaloclymene pacifica,species
Petaloproctus neoborealis,species
Petalosarsia,genus
Petricola,genus
Petricola carditoides,species
Petrolisthes cinctipes,species
Phascolion,genus
Phascolosoma,genus
Pherusa,genus
Pherusa neopapillata,species
Pherusa papillata,species
Philine,genus
Philine auriformis,species
Philinoglossa,genus
Philomedidae,family
Phimochirus californiensis,species
Pholoe,genus
Pholoe glabra,species
Pholoides asperus,species
Phoronida,phylum
Phoronis,genus
Phoronopsis,genus
Photidae,family
Photis,genus
Photis bifurcata,species
Photis brevipes,species
Photis lacia,species
Phoxocephalidae,family
Phtisica marina,species
Phyllaplysia taylori,species
Phyllochaetopterus,genus
Phyllochaetopterus prolifica,species
Phyllodoce,genus
Phyllodoce cuspidata,species
Phyllodoce groenlandica,species
Phyllodoce hartmanae,species
Phyllodoce longipes,species
Phyllodoce medipapillata,species
Phyllodoce pettiboneae,species
Phyllodocidae,family
Phyllophoridae,family
Phylo,genus
Phylo felix,species
Pilargis,genus
Pilargis berkeleyae,species
Pinnixa,genus
Pinnixa littoralis,species
Pinnixa schmitti,species
Pinnixa tomentosa,species
Pinnixa tubicola,species
Pinnotheridae,family
Piromis,genus
Pisione,genus
Pisione remota,species
Pista,genus
Pista brevibranchiata,species
Pista elongata,species
Pista estevanica,species
Pista wui,species
Plakosyllis,genus
Planoceridae,family
Platyhelminthes,phylum
Platymera gaudichaudii,species
Platynereis bicanaliculata,species
Pleurobranchaea californica,species
Pleurogonium,genus
Pleustidae,family
Pleusymtes subglaber,species
Pliocardia stearnsii,species
Plumularia,genus
Podarkeopsis,genus
Podarkeopsis glabrus,species
Podarkeopsis perkinsi,species
Podocerus,genus
Podocerus brasiliensis,species
Podocerus cristatus,species
Podocopida,order
Poecilochaetus,genus
Poecilochaetus martini,species
Pogonophora,genus
Polyandrocarpa zorritensis,species
Polychaeta,class
Polycirrus,genus
Polycladia,species
Polydora,genus
Polydora cornuta,species
Polydora hoplura,species
Polydora limicola,species
Polydora narica,species
Polydora pygidialis,species
Polydora websteri,species
Polygireulima rutila,species
Polynoidae,family
Polyophthalmus pictus,species
Polyplacophora,class
Polyschides quadrifissatus,species
Pontogeneia rostrata,species
Poromya,genus
Portunus xantusii,species
Postasterope,genus
Prachynella,genus
Praxillella gracilis,species
Praxillella pacifica,species
Praxillura,genus
Prionospio,genus
Prionospio dubia,species
Prionospio ehlersi,species
Prionospio heterobranchia,species
Prionospio jubata,species
Prionospio lighti,species
Prionospio multibranchiata,species
Prionospio pygmaeus,species
Pristes,species
Procampylaspis,genus
Proceraea,genus
Proceraea okadai,species
Procerastea,genus
Proclea,genus
Propebela,genus
Propebela turricula,species
Prosorhochmus albidus,species
Prosthiostomidae,family
Prosthiostomum,genus
Protocirrineris,genus
Protodorvillea gracilis,species
Protodrilidae,family
Protohyale,genus
Protohyale frequens,species
Protolaeospira eximia,species
Protomedeia articulata,species
Protomystides,genus
Psamathe,genus
Psammobiidae,family
Pseudarchaster pusillus,species
Pseudharpinia,genus
Pseudoceros,genus
Pseudochitinopoma occidentalis,species
Pseudocnus,genus
Pseudocnus lubricus,species
Pseudomma,genus
Pseudopolydora kempi,species
Pseudopolydora paucibranchiata,species
Pseudopotamilla,genus
Pseudopusula californiana,species
Psilodens,genus
Psolus chitonoides,species
Psychoda,genus
Pterocirrus,genus
Pterocirrus montereyensis,species
Pteropurpura festiva,species
Pugettia dalli,species
Puncturella,genus
Pycnogonida,class
Pycnopodia helianthoides,species
Pyramidellidae,family
Pyromaia tuberculata,species
Pyura haustor,species
Quadrimaera carla,species
Quadrimaera reishi,species
Quasitetrastemma nigrifrons,species
Randallia,genus
Randallia ornata,species
Renilla koellikeri,species
Rhabdocoela,order
Rhabdus rectius,species
Rhachotropis,genus
Rhachotropis barnardi,species
Rhamphidonta retifera,species
Rhepoxynius,genus
Rhepoxynius abronius,species
Rhepoxynius bicuspidatus,species
Rhepoxynius fatigans,species
Rhepoxynius tridentatus,species
Rhizocaulus verticillatus,species
Rhodine bitorquata,species
Rhynchospio arenincola,species
Rictaxis punctocaelatus,species
Rissoina,genus
Rochefortia,genus
Rocinela angustata,species
Romaleon antennarium,species
Romaleon branneri,species
Romaleon jordani,species
Roperia poulsoni,species
Runcinidae,family
Rutiderma,genus
Rutiderma lomae,species
Sabellaria,genus
Sabellariidae,family
Sabellidae,family
Sabellides manriquei,species
Saccocirrus,genus
Saccoglossus,genus
Salmacina,genus
Salvatoria,genus
Samytha californiensis,species
Sarsiellidae,family
Saxicavella,genus
Saxicavella pacifica,species
Saxidomus nuttalli,species
Scabrotrophon,genus
Scalibregma californicum,species
Scalibregmatidae,family
Scaphandridae,family
Scaphopoda,class
Schizocardium,genus
Scintillona bellerophon,species
Scionella japonica,species
Scleroconcha trituberculata,species
Scolelepis,genus
Scolelepis squamata,species
Scolelepis texana,species
Scoletoma,genus
Scoletoma tetraura,species
Scoletoma zonata,species
Scoloplos,genus
Scoloplos acmeceps,species
Scoloplos armiger,species
Semiodera inflata,species
Serpula columbiana,species
Serpulidae,family
Sigalionidae,family
Sigambra,genus
Sigambra bassi,species
Sige,genus
Silicea,species
Siliqua,genus
Simomactra,genus
Simomactra falcata,species
Simomactra planulata,species
Sinocorophium heteroceratum,species
Sinum scopulosum,species
Sipuncula,class
Sipunculidae,family
Sipunculus nudus,species
Skenea,genus
Solamen columbianum,species
Solemya pervernicosa,species
Solen,genus
Solen sicarius,species
Solenocera mutator,species
Solenoides,species
Spatangoida,order
Spatangus californicus,species
Spathoderma,genus
Sphaerephesia,genus
Sphaerodoridium,genus
Sphaerodoropsis,genus
Sphaerodoropsis minuta,species
Sphaerodorum,genus
Sphaeromatidae,family
Sphaerosyllis,genus
Sphaerosyllis ranunculus,species
Sphenia,genus
Sphenia fragilis,species
Spinicirrus,species
Spio,genus
Spio filicornis,species
Spiochaetopterus costarum,species
Spionidae,family
Spiophanes,genus
Spiophanes duplex,species
Spiophanes kimballi,species
Spiophanes norrisi,species
Spiophanes wigleyi,species
Spirontocaris,genus
Spirontocaris prionota,species
Spirontocaris sica,species
Spirontocaris snyderi,species
Spirontocaris truncata,species
Spirorbidae,family
Stachyptilum superbum,species
Stenothoe frecanda,species
Stenothoe valida,species
Stereobalanus,genus
Sternaspis affinis,species
Sthenelais,genus
Sthenelais berkeleyi,species
Sthenelais tertiaglabra,species
Sthenelanella uniformis,species
Stolidobranchia,order
Stomatopoda,order
Streblosoma,genus
Streblosoma crassibranchia,species
Streblosoma pacifica,species
Streblospio benedicti,species
Streptodonta,genus
Streptosyllis,genus
Strongylocentrotus fragilis,species
Styela,genus
Styela plicata,species
Styelidae,family
Stylatula,genus
Stylatula elongata,species
Stylochidae,family
Stylochoplana,genus
Stylochus,genus
Syllidae,family
Syllides,genus
Syllis,genus
Syllis gracilis,species
Syllis heterochaeta,species
Syllis hyperioni,species
Symplectoscyphus pedrensis,species
Synaptidae,family
Synidotea,genus
Synidotea harfordi,species
Synopiidae,family
Syrrhoe,genus
Syrrhoe longifrons,species
Tagelus,genus
Tagelus subteres,species
Talitridae,family
Tanaella propinquus,species
Tanaidacea,order
Tanaopsis cadieni,species
Tanystylum californicum,species
Telesto,genus
Tellina,genus
Tellina cadieni,species
Tellina carpenteri,species
Tellina modesta,species
Tellina nuculoides,species
Tellinidae,family
Tenellia adspersa,species
Tenonia priops,species
Terebellidae,family
Terebellides,genus
Terebellides californica,species
Terebellides reishi,species
Tergipedidae,family
Tetrastemma,genus
Tetrastemma candidum,species
Tetrastemmatidae,family
Thalamoporella californica,species
Thalassematidae,family
Thalassinidae,family
Thelepus,genus
Thelepus hamatus,species
Theora lubrica,species
Thesea,genus
Thorlaksonius,genus
Thormora setosior,species
Thracia,genus
Thracia trapezoides,species
Thraciidae,family
Thyasira flexuosa,species
Thyasiridae,family
Thyone benti,species
Thysanocardia nigra,species
Timarete,genus
Tiron biocellata,species
Tornidae,family
Travisia,genus
Travisia brevis,species
Travisia pupa,species
Tresus nuttallii,species
Trichobranchidae,family
Trichobranchus hancocki,species
Triopha maculata,species
Tritella,genus
Tritella pilimana,species
Tritia insculpta,species
Tritonia,genus
Tritonia festiva,species
Tritonia tetraquetra,species
Trophoniella,genus
Trophoniella harrisae,species
Tubulanidae,family
Tubulanus,genus
Tubulanus polymorphus,species
Tubularia,genus
Tubulariidae,family
Tubulipora tuba,species
Turbinidae,family
Turbonilla,genus
Typhlotanais,genus
Typosyllis,genus
Upogebia,genus
Urechis caupo,species
Uromunna ubiquita,species
Urothoe elegans,species
Urticina,genus
Valettiopsis,genus
Vargula tsujii,species
Vaunthompsonia,genus
Veneridae,family
Venerupis philippinarum,species
Virgularia,genus
Virgularia californica,species
Virgulariidae,family
Vitreolina,genus
Vitreolina columbiana,species
Volvarina taeniolata,species
Volvulella,genus
Volvulella californica,species
Volvulella cylindrica,species
Volvulella panamica,species
Watersipora subatra,species
Westwoodilla tone,species
Xanthidae,family
Yoldia seminuda,species
Yoldiella,genus
Yoldiella nana,species
Yoldiidae,family
Ypsilothuria bitentaculata,species
Zaolutus actius,species
Zeuxo,genus
Zeuxo normani,species
Zoantharia,order
Zoanthidae,family
Zoobotryon verticillatum,species
Zygeupolia rubens,species
Zygonemertes virescens,species