X.Abietinaria.spp.,Abietinaria spp
X.Acanthinucella.spp.,Acanthinucella spp
X.Acrosiphonia.spp.,Acrosiphonia spp
X.Acrosiphonia.Cladophora.spp.,Acrosiphonia/Cladophora spp
X.Adula.Lithophaga.spp.,Adula/Lithophaga spp
X.Ahnfeltiopsis.leptophylla.,Ahnfeltiopsis leptophylla
X.Ahnfeltiopsis.Ahnfeltia.spp.,Ahnfeltiopsis/Ahnfeltia spp
X.Alia.spp.,Alia spp
X.Amphissa.spp.,Amphissa spp
X.Anthopleura.spp.,Anthopleura spp
X.Antithamnionella.spp.,Antithamnionella spp
X.Aplidium.arenatum.propinquum.,Aplidium arenatum/propinquum
X.Aplidium.californicum.solidum.,Aplidium californicum/solidum
X.Bangia.spp.,Bangia spp
X.Non.Coralline.crust.,Non Coralline crust
X.Boring.clam.,Boring clam
X.Bossiella.spp.,Bossiella spp
X.Botrylloides.spp.,Botrylloides spp
X.Botryllus.spp.,Botryllus spp
X.Brachidontes.Septifer.spp.,Brachidontes/Septifer spp
X.Bryopsis.spp.,Bryopsis spp
X.Bugula.spp.,Bugula spp
X.Calliarthron.spp.,Calliarthron spp
X.Calliostoma.spp.,Calliostoma spp
X.Callithamnion.rupicola.,Callithamnion rupicola
X.Callophyllis.spp.,Callophyllis spp
X.Cancer.antennarius.,Cancer antennarius
X.Cancer.spp.,Cancer spp
X.Cantharus.gemmatus.,Cantharus gemmatus
X.Ceramium.spp.,Ceramium spp
X.Ceratostoma.spp.,Ceratostoma spp
X.Cerithiopsis.spp.,Cerithiopsis spp
X.Chaetomorpha.spp.,Chaetomorpha spp
X.Chondracanthus.corymbiferus.exaspertata.,Chondracanthus corymbiferus/exaspertata
X.Chondria.spp.,Chondria spp
X.Chthamalus.dalli.fissus.,Chthamalus dalli/fissus
X.Cirolana.spp.,Cirolana spp
X.Cobble.,Cobble
X.Colonial.diatom.,Colonial diatom
X.Colonial.tunicate.,Colonial tunicate
X.Colpomenia.phaeodactyla.,Colpomenia phaeodactyla
X.Colpomenia.tuberculata.,Colpomenia tuberculata
X.Colpomenia.Leathesia.spp.,Colpomenia/Leathesia spp
X.Corallina.spp.,Corallina spp
X.Crangon.spp.,Crangon spp
X.Crepidula.spp.,Crepidula spp
X.Cryptonemia.sp.,Cryptonemia sp
X.Cryptopleura.Hymenena.spp.,Cryptopleura/Hymenena spp
X.Cucumaria.Pseudocnus.spp.,Cucumaria/Pseudocnus spp
X.Cucumber.,Cucumber
X.Cyanoplax.spp.,Cyanoplax spp
X.Dasya.binghamiae.,Dasya binghamiae
X.Dasya.sinicola.californica.,Dasya sinicola/californica
X.Dasya.spp.,Dasya spp
X.Deep.pool.,Deep pool
X.Dendropoma.Petaloconchus.spp.,Dendropoma/Petaloconchus spp
X.Diaperoecia.punctulata.,Diaperoecia punctulata
X.Diatoms.,Diatoms
X.Dictyota.spp.,Dictyota spp
X.Didemnum.spp.,Didemnum spp
X.Dodecaceria.spp.,Dodecaceria spp
X.Encrusting.coralline.,Encrusting coralline
X.Farlowia.Pikea.spp.,Farlowia/Pikea spp
X.Fissurella.spp.,Fissurella spp
X.Flatworm.,Flatworm
X.Fucus.spp.,Fucus spp
X.Gastroclonium.subarticulatum.,Gastroclonium subarticulatum
X.Gelidium.spp.,Gelidium spp
X.Gloiosiphonia.californica.,Gloiosiphonia californica
X.Gobiesox.spp.,Gobiesox spp
X.Gracilariopsis.andersonii.papenfussii.,Gracilariopsis andersonii/papenfussii
X.Grateloupia.Prionitis.spp.,Grateloupia/Prionitis spp
X.Gunnel.,Gunnel
X.Haliclona.spp.,Haliclona spp
X.Halymenia.Schizymenia.spp.,Halymenia/Schizymenia spp
X.Haminoea.spp.,Haminoea spp
X.Henricia.spp.,Henricia spp
X.Hermit.crab.,Hermit crab
X.Herposiphonia.spp.,Herposiphonia spp
X.Homalopoma.baculum.luridum.,Homalopoma baculum/luridum
X.Hydroid.,Hydroid
X.Hypnea.spp.,Hypnea spp
X.Idotea.spp.,Idotea spp
X.Lacuna.spp.,Lacuna spp
X.Laminaria.bongardiana.,Laminaria bongardiana
X.Laurencia.pacifica.masonii.,Laurencia pacifica/masonii
X.Laurencia.snyderae.,Laurencia snyderae
X.Laurencia.spp.,Laurencia spp
X.Lepidozona.spp.,Lepidozona spp
X.Leptasterias.spp.,Leptasterias spp
X.Leptopecten.spp.,Leptopecten spp
X.Ligia.spp.,Ligia spp
X.Lirobittium.munitoide.,Lirobittium munitoide
X.Lirularia.Margarites.spp.,Lirularia/Margarites spp
X.Littorina.plena.scutulata.,Littorina plena/scutulata
X.Littorina.sitkana.subrotundata.,Littorina sitkana/subrotundata
X.Littorina.spp.,Littorina spp
X.Lobster.,Lobster
X.Lomentaria.spp.,Lomentaria spp
X.Lophogorgia.chilensis.,Lophogorgia chilensis
X.Lottia.austrodigitalis.digitalis.,Lottia austrodigitalis/digitalis
X.Lottia.maccleani.,Lottia maccleani
X.Lottia.paradigitalis.strigatella.,Lottia paradigitalis/strigatella
X.Lottia.polyfacies.,Lottia polyfacies
X.Lottia.scabra.conus.,Lottia scabra/conus
X.Macrocystis.spp.,Macrocystis spp
X.Mastocarpus.spp.,Mastocarpus spp
X.Mazzaella.cordata.splendens.,Mazzaella cordata/splendens
X.Membranipora.spp.,Membranipora spp
X.Modiolus.spp.,Modiolus spp
X.Mopalia.spp.,Mopalia spp
X.Murcidae.,Murcidae
X.Mytilus.galloprovincialis.trossulus.,Mytilus galloprovincialis/trossulus
X.Neoptilota.Ptilota.spp.,Neoptilota/Ptilota spp
X.Bare.Rock.,Bare Rock
X.Norrisia.norrisi.,Norrisia norrisi
X.Nucella.emarginata.ostrina.,Nucella emarginata/ostrina
X.Nuttallina.spp.,Nuttallina spp
X.Obelia.spp.,Obelia spp
X.Ocenebra.folliata.,Ocenebra folliata
X.Ocenebra.pusilla.,Ocenebra pusilla
X.Ocenebra.spp.,Ocenebra spp
X.Octopus.spp.,Octopus spp
X.Ophiuroid.,Ophiuroid
X.Osmundea.sinicola.,Osmundea sinicola
X.Pachycheles.spp.,Pachycheles spp
X.Padina.spp.,Padina spp
X.Pagurus.spp.,Pagurus spp
X.Palmaria.callophylloides.,Palmaria callophylloides
X.Pelvetiopsis.arborescens.limitata.,Pelvetiopsis arborescens/limitata
X.Penitella.spp.,Penitella spp
X.Petrolisthes.spp.,Petrolisthes spp
X.Pista.spp.,Pista spp
X.Pleonosporium.spp.,Pleonosporium spp
X.Polysiphonia.spp.,Polysiphonia spp
X.Porphyra.spp.,Porphyra spp
X.Prionitis.spp.,Prionitis spp
X.Pterosiphonia.dendroidea.pennata.,Pterosiphonia dendroidea/pennata
X.Pterosiphonia.spp.,Pterosiphonia spp
X.Pterothamnion.spp.,Pterothamnion spp
X.Pugetia.firma.,Pugetia firma
X.Pugettia.gracilis.richii.,Pugettia gracilis/richii
X.Ritterella.spp.,Ritterella spp
X.Rock.,Rock
X.Polychaete.worms.,Polychaete worms
X.Sand.,Sand
X.Scinaia.spp.,Scinaia spp
X.Sculpin.,Sculpin
X.Scytosiphon.spp.,Scytosiphon spp
X.Sea.star.,Sea star
X.Serraticardia.macmillanii.,Serraticardia macmillanii
X.Sertularella.Sertularia.spp.,Sertularella/Sertularia spp
X.Shrimp.,Shrimp
X.Silvetia.compressa.,Silvetia compressa
X.Siphonaria.brannii.,Siphonaria brannii
X.Small.Balanus.Semibalanus.spp.,Small Balanus/Semibalanus spp
X.Small.limpet.spp.,Small limpet spp
X.Small.Mytilus.spp.,Small Mytilus spp
X.SNI.limpet.,SNI limpet
X.Sphacelaria.norrisii.,Sphacelaria norrisii
X.Spirorbis.spp.,Spirorbis spp
X.Suberites.sp.,Suberites sp
X.Tar.,Tar
X.Tegula.funebralis.gallina.,Tegula funebralis/gallina
X.Terebellid.,Terebellid
X.Thalamoporella.spp.,Thalamoporella spp
X.Tonicella.lineata.lokii.,Tonicella lineata/lokii
X.Trivia.spp.,Trivia spp
X.Tubeworm.,Tubeworm
X.Ulva.spp.,Ulva spp
X.Urospora.spp.,Urospora spp
X.Velutina.spp.,Velutina spp
X.Zostera.spp.,Zostera spp
