,V1
Abietinaria,genus
Acanthinucella,genus
Acarnus erithacus,species
Acmaea mitra,species
Acrosiphonia,genus
Acrosorium ciliolatum,species
Aeolidia papillosa,species
Aglaophenia latirostris,species
Ahnfeltia fastigiata,species
Ahnfeltiopsis,genus
Ahnfeltiopsis gigartinoides,species
Ahnfeltiopsis linearis,species
Alaria marginata,species
Alaria nana,species
Alia,genus
Amphipholis squamata,species
Amphiroa beauvoisii,species
Amphissa,genus
Amphissa columbiana,species
Amphissa versicolor,species
Analipus japonicus,species
Anthopleura,genus
Anthopleura artemisia,species
Anthopleura elegantissima,species
Anthopleura sola,species
Anthopleura xanthogrammica,species
Antithamnionella,genus
Aplidium,genus
Aplysia californica,species
Aplysina fistularis,species
Balanophyllia elegans,species
Balanus crenatus,species
Balanus glandula,species
Balanus nubilus,species
Bangia,genus
Bittium eschrichtii,species
Blidingia subsalsa,species
Bossiella,genus
Botrylloides,genus
Botryllus,genus
Bryopsis,genus
Bugula,genus
Bugula neritina,species
Bulla gouldiana,species
Cadlina luteomarginata,species
Calliarthron,genus
Calliostoma,genus
Calliostoma annulatum,species
Calliostoma canaliculatum,species
Calliostoma ligatum,species
Calliostoma supragranosum,species
Callithamnion pikeanum,species
Callophyllis,genus
Callophyllis violacea,species
Cancer,genus
Cancer jordani,species
Cancer oregonensis,species
Cancer productus,species
Cantharus,genus
Caulacanthus ustulatus,species
Ceramiaceae,family
Ceramium,genus
Ceramium washingtoniense,species
Ceratostoma,genus
Ceratostoma foliatum,species
Ceratostoma nuttalli,species
Cerithiopsis,genus
Chaetomorpha,genus
Chlamys rubida,species
Chondracanthus,genus
Chondracanthus canaliculatus,species
Chondracanthus harveyanus,species
Chondracanthus spinosus,species
Chondria,genus
Chondria dasyphylla,species
Chondria decipiens,species
Chthamalus,genus
Cirolana,genus
Cladophora columbiana,species
Clavelina huntsmani,species
Cnemidocarpa finmarkiensis,species
Codium fragile,species
Codium setchellii,species
Colpomenia,genus
Constantinea simplex,species
Conus californicus,species
Corallina,genus
Corynactis californica,species
Costaria costata,species
Crangon,genus
Crepidula,genus
Crepipatella lingulata,species
Crisulipora occidentalis,species
Crucibulum spinosum,species
Cryptochiton stelleri,species
Cryptolithodes sitchensis,species
Cryptolithodes typicus,species
Cryptonemia,genus
Cryptosiphonia woodii,species
Cucumaria miniata,species
Cumagloia andersonii,species
Cyanoplax,genus
Cyanoplax fernaldi,species
Cyanoplax hartwegii,species
Cycloxanthops novemdentatus,species
Cypraea spadicea,species
Cystoseira osmundacea,species
Dasya,genus
Delesseria decipiens,species
Dendrobeania lichenoides,species
Dendronotus subramosus,species
Derbesia marina,species
Dermasterias imbricata,species
Desmarestia aculeata,species
Desmarestia ligulata,species
Diaulula sandiegensis,species
Dictyoneurum californicum,species
Dictyopteris undulata,species
Dictyota,genus
Didemnum,genus
Dilsea californica,species
Diodora aspera,species
Diopatra ornata,species
Dirona albolineata,species
Dirona picta,species
Distaplia occidentalis,species
Distaplia smithi,species
Dodecaceria,genus
Doriopsilla albopunctata,species
Doris odhneri,species
Dysidea fragilis,species
Egregia menziesii,species
Eisenia arborea,species
Emplectonema gracile,species
Endarachne binghamiae,species
Endocladia muricata,species
Epiactis prolifera,species
Epiactis ritteri,species
Epialtoides hiltoni,species
Epitonium tinctum,species
Erythrophyllum delesserioides,species
Eudendrium californicum,species
Eudistylia polymorpha,species
Eugorgia rubens,species
Euherdmania claviformis,species
Eupentacta quinquesemita,species
Eurystomella bilabiata,species
Evasterias troschelii,species
Farlowia compressa,species
Farlowia mollis,species
Fissurella,genus
Fissurella volcano,species
Fissurellidea bimaculata,species
Flabellina iodinea,species
Flabellina trilineata,species
Flustrellidra corniculata,species
Fucus,genus
Gastroclonium,genus
Gelidiaceae,family
Gelidium,genus
Gelidium purpurascens,species
Gelidium robustum,species
Gersemia rubiformis,species
Girella nigricans,species
Gloiopeltis furcata,species
Gobiesox,genus
Gracilaria textorii,species
Gracilariopsis,genus
Grateloupia californica,species
Griffithsia pacifica,species
Gymnogongrus chiton,species
Halichondria panicea,species
Haliclona,genus
Haliotis cracherodii,species
Haliotis fulgens,species
Haliotis rufescens,species
Halosaccion glandiforme,species
Haminoea,genus
Haminoea vesicula,species
Haminoea virescens,species
Haplogloia andersonii,species
Harmothoe imbricata,species
Hedophyllum sessile,species
Hemigrapsus nudus,species
Hemigrapsus oregonensis,species
Henricia,genus
Hermissenda crassicornis,species
Herposiphonia,genus
Herposiphonia plumula,species
Herposiphonia verticillata,species
Hesperophycus harveyanus,species
Heteropora alaskensis,species
Heterosiphonia japonica,species
Homalopoma,genus
Hypnea,genus
Hypnea valentiae,species
Idotea,genus
Janolus barbarensis,species
Jenneria pustulata,species
Katharina tunicata,species
Kelletia kelletii,species
Lacuna,genus
Laminaria,genus
Laminaria ephemera,species
Laminaria farlowii,species
Laminaria setchellii,species
Laminaria sinclairii,species
Laurencia,genus
Lepidozona,genus
Leptasterias,genus
Leptocladia binghamiae,species
Leptogorgia chilensis,species
Leptopecten,genus
Lessoniopsis littoralis,species
Leucilla nuttingi,species
Leucosolenia eleanor,species
Ligia,genus
Lirabuccinum dirum,species
Lirobittium,genus
Lithophaga plumula,species
Lithothrix aspergillum,species
Littorina,genus
Littorina keenae,species
Lomentaria,genus
Lomentaria hakodatensis,species
Lophopanopeus bellus,species
Lottia,genus
Lottia asmi,species
Lottia fenestrata,species
Lottia gigantea,species
Lottia limatula,species
Lottia pelta,species
Lottia persona,species
Lottia scutum,species
Loxorhynchus crispatus,species
Lucapinella callomarginata,species
Macrocystis,genus
Macron lividus,species
Mastocarpus,genus
Maxwellia gemma,species
Mazzaella,genus
Mazzaella affinis,species
Mazzaella californica,species
Mazzaella linearis,species
Mazzaella oregona,species
Mazzaella parksii,species
Mazzaella volans,species
Megabalanus californicus,species
Megastraea undosa,species
Melanosiphon intestinalis,species
Membranipora,genus
Metandrocarpa taylori,species
Microcladia borealis,species
Microcladia coulteri,species
Modiolus,genus
Mopalia,genus
Muricea californica,species
Mytilus,genus
Mytilus californianus,species
Navanax inermis,species
Nemalion helminthoides,species
Neorhodomela larix,species
Neorhodomela oregona,species
Nereocystis luetkeana,species
Nienburgia andersoniana,species
Norrisia norrisii,species
Nucella,genus
Nucella canaliculata,species
Nucella lamellosa,species
Nuttallina,genus
Obelia,genus
Ocenebra,genus
Octopus,genus
Odonthalia floccosa,species
Odonthalia washingtoniensis,species
Oedignathus inermis,species
Olivella biplicata,species
Onchidella borealis,species
Opalia borealis,species
Opalia funiculata,species
Ophionereis annulata,species
Opuntiella californica,species
Oregonia gracilis,species
Osmundea,genus
Osmundea spectabilis,species
Pachycheles,genus
Pachygrapsus crassipes,species
Pachythyone rubra,species
Padina,genus
Pagurus,genus
Pagurus beringanus,species
Pagurus caurinus,species
Pagurus granosimanus,species
Pagurus hemphilli,species
Pagurus hirsutiusculus,species
Pagurus samuelis,species
Palmaria,genus
Palmaria hecatensis,species
Palmaria mollis,species
Panulirus interruptus,species
Paranemertes peregrina,species
Paraxanthias taylori,species
Patiria miniata,species
Pelia tumida,species
Pelvetiopsis,genus
Penitella,genus
Perophora annectens,species
Petalonia fascia,species
Petrolisthes,genus
Petrospongium rugosum,species
Phaeostrophion irregulare,species
Phycodrys riggii,species
Phycodrys setchellii,species
Phyllospadix scouleri,species
Phyllospadix torreyi,species
Pilayella littoralis,species
Pilumnus spinohirsutus,species
Pisaster brevispinus,species
Pisaster giganteus,species
Pisaster ochraceus,species
Pista,genus
Placiphorella velata,species
Pleonosporium,genus
Plocamium oregonum,species
Plocamium pacificum,species
Plocamium violaceum,species
Pododesmus macrochisma,species
Pollicipes polymerus,species
Polyneura latissima,species
Polysiphonia,genus
Porphyra,genus
Postelsia palmaeformis,species
Prionitis,genus
Prionitis angusta,species
Prionitis cornea,species
Prionitis filiformis,species
Prionitis lanceolata,species
Prionitis lyallii,species
Pseudochama exogyra,species
Pterocladiella caloglossoides,species
Pterocladiella capillacea,species
Pteropurpura trialata,species
Pterosiphonia,genus
Pterosiphonia bipinnata,species
Pterothamnion,genus
Pterygophora californica,species
Pugetia,genus
Pugettia,genus
Pugettia producta,species
Pycnoclavella stanleyi,species
Pycnogonida,class
Pycnopodia helianthoides,species
Pyura haustor,species
Rhodymenia californica,species
Rhodymenia pacifica,species
Rictaxis punctocaelatus,species
Ritterella,genus
Ritterella rubra,species
Roperia poulsoni,species
Rostanga pulchra,species
Salmacina tribranchiata,species
Sarcodiotheca gaudichaudii,species
Sargassum agardhianum,species
Sargassum muticum,species
Sargassum palmeri,species
Schizoplax brandtii,species
Scinaia,genus
Scinaia confusa,species
Scytosiphon,genus
Sea,species
Seila montereyensis,species
Semibalanus cariosus,species
Serpulorbis squamigerus,species
Sertularella turgida,species
Silvetia,genus
Siphonaria brannani,species
Siphonaria thersites,species
Soranthera ulvoidea,species
Sparlingia pertusa,species
Sphacelaria californica,species
Sphacelaria plumigera,species
Spheciospongia confoederata,species
Spirorbis,genus
Spyridia filamentosa,species
Stenogramme interrupta,species
Stenoplax conspicua,species
Strongylocentrotus purpuratus,species
Styela montereyensis,species
Styela yakutatensis,species
Suberites,genus
Suberites ficus,species
Taliepus nuttallii,species
Tegula,genus
Tegula aureotincta,species
Tegula eiseni,species
Tegula funebralis,species
Tegula gallina,species
Tegula pulligo,species
Terebellidae,family
Terebellides,genus
Tetraclita rubescens,species
Thalamoporella,genus
Thelepus crispus,species
Tonicella,genus
Tricellaria occidentalis,species
Trimusculus reticulatus,species
Triopha catalinae,species
Trivia,genus
Ulva,genus
Ulva taeniata,species
Urosalpinx cinerea,species
Urospora,genus
Urticina crassicornis,species
Velutina,genus
Velutina velutina,species
Volvarina taeniolata,species
Williamia peltoides,species
Zostera,genus
